rank,time,athlete,club,category,distance,date,competition_type,competition_name,location,ligue,department,type,level,Minute_Time,vitesse
1,9:32,GAUGLER Maxime,,MIM/09,2500.0,06/01/24,Cross,Cross banana fit,Wittenheim,G-E,68.0,Meet,Dép,9.533333333333333,15.734265734265735
2,9:41,TSCHAMBSER Arthur,1778564,MIM/10,2500.0,06/01/24,Cross,Cross banana fit,Wittenheim,G-E,68.0,Meet,Dép,9.683333333333334,15.49053356282272
3,9:45,HOUGLET Matheo,,MIM/09,2500.0,06/01/24,Cross,Cross banana fit,Wittenheim,G-E,68.0,Meet,Dép,9.75,15.384615384615383
4,10:06,LOMBARDI Chiara,2414204,MIF/09,2500.0,06/01/24,Cross,Cross banana fit,Wittenheim,G-E,68.0,Meet,Dép,10.1,14.851485148514852
5,10:29,ZEHLER Quentin,,BEM/12,2500.0,06/01/24,Cross,Cross banana fit,Wittenheim,G-E,68.0,Meet,Dép,10.483333333333333,14.308426073131958
6,10:35,DI BATTISTA Charli,2361936,BEM/12,2500.0,06/01/24,Cross,Cross banana fit,Wittenheim,G-E,68.0,Meet,Dép,10.583333333333334,14.173228346456693
7,10:55,BASS Matthieu,2064967,BEM/11,2500.0,06/01/24,Cross,Cross banana fit,Wittenheim,G-E,68.0,Meet,Dép,10.916666666666666,13.740458015267176
8,11:01,BENDJELIDA Niels,2284053,BEM/11,2500.0,06/01/24,Cross,Cross banana fit,Wittenheim,G-E,68.0,Meet,Dép,11.016666666666667,13.61573373676248
9,11:03,BOURBON Raphael,,MIM/10,2500.0,06/01/24,Cross,Cross banana fit,Wittenheim,G-E,68.0,Meet,Dép,11.05,13.574660633484163
10,11:04,BOURBON Nathan,,BEM/12,2500.0,06/01/24,Cross,Cross banana fit,Wittenheim,G-E,68.0,Meet,Dép,11.066666666666666,13.55421686746988
11,11:07,SCHAFFNER Mael,,MIM/10,2500.0,06/01/24,Cross,Cross banana fit,Wittenheim,G-E,68.0,Meet,Dép,11.116666666666667,13.493253373313342
12,11:08,MONNIER Martin,2448894,BEM/12,2500.0,06/01/24,Cross,Cross banana fit,Wittenheim,G-E,68.0,Meet,Dép,11.133333333333333,13.47305389221557
13,11:11,KELLER Mathis,2204697,BEM/12,2500.0,06/01/24,Cross,Cross banana fit,Wittenheim,G-E,68.0,Meet,Dép,11.183333333333334,13.412816691505217
14,11:15,MOUROT Gabin,MBA - S/L BELFORT ATHLE,MIM/09,2500.0,06/01/24,Cross,Cross banana fit,Wittenheim,G-E,68.0,Meet,Dép,11.25,13.333333333333334
15,11:18,FERRARI Matheo,2377765,BEM/11,2500.0,06/01/24,Cross,Cross banana fit,Wittenheim,G-E,68.0,Meet,Dép,11.3,13.27433628318584
16,11:20,ISSENLOR Martin,,BEM/12,2500.0,06/01/24,Cross,Cross banana fit,Wittenheim,G-E,68.0,Meet,Dép,11.333333333333334,13.235294117647058
17,11:26,WERNERT Julien,,BEM/11,2500.0,06/01/24,Cross,Cross banana fit,Wittenheim,G-E,68.0,Meet,Dép,11.433333333333334,13.119533527696793
18,11:36,ROUSSET Lois,,BEM/12,2500.0,06/01/24,Cross,Cross banana fit,Wittenheim,G-E,68.0,Meet,Dép,11.6,12.931034482758621
19,11:57,FERREIRA Lois,1905940,MIM/10,2500.0,06/01/24,Cross,Cross banana fit,Wittenheim,G-E,68.0,Meet,Dép,11.95,12.552301255230127
20,12:07,DJELLALI Mohamed-Zeyn,,MIM/10,2500.0,06/01/24,Cross,Cross banana fit,Wittenheim,G-E,68.0,Meet,Dép,12.116666666666667,12.379642365887207
21,12:37,GRISWARD Thibaut,,BEM/12,2500.0,06/01/24,Cross,Cross banana fit,Wittenheim,G-E,68.0,Meet,Dép,12.616666666666667,11.889035667107
22,12:52,PFUNDSTEIN Margot,2415817,MIF/10,2500.0,06/01/24,Cross,Cross banana fit,Wittenheim,G-E,68.0,Meet,Dép,12.866666666666667,11.6580310880829
23,13:06,DEYBACH Clemence,2173829,MIF/10,2500.0,06/01/24,Cross,Cross banana fit,Wittenheim,G-E,68.0,Meet,Dép,13.1,11.450381679389313
24,13:18,PARMENTIER Axel,,MIM/09,2500.0,06/01/24,Cross,Cross banana fit,Wittenheim,G-E,68.0,Meet,Dép,13.3,11.278195488721805
25,13:37,HECKLEN Achille,,MIM/10,2500.0,06/01/24,Cross,Cross banana fit,Wittenheim,G-E,68.0,Meet,Dép,13.616666666666667,11.015911872705018
26,13:53,DAYA Nahel,,BEM/12,2500.0,06/01/24,Cross,Cross banana fit,Wittenheim,G-E,68.0,Meet,Dép,13.883333333333333,10.804321728691477
27,14:10,CARTADE Celeste,2215797,BEF/11,2500.0,06/01/24,Cross,Cross banana fit,Wittenheim,G-E,68.0,Meet,Dép,14.166666666666666,10.588235294117647
28,14:43,GRAFF Lucas,,MIM/10,2500.0,06/01/24,Cross,Cross banana fit,Wittenheim,G-E,68.0,Meet,Dép,14.716666666666667,10.192525481313703
29,15:31,BUECHER Arthur,,MIM/09,2500.0,06/01/24,Cross,Cross banana fit,Wittenheim,G-E,68.0,Meet,Dép,15.516666666666667,9.667024704618688
30,15:55,MAGINOT Sarah,,BEF/11,2500.0,06/01/24,Cross,Cross banana fit,Wittenheim,G-E,68.0,Meet,Dép,15.916666666666666,9.424083769633508
1,20:33,ATSE-HERRERA Jonathan (CIV),Entente De Haute Alsace*,M0M/87,6500.0,06/01/24,Cross,Cross banana fit,Wittenheim,G-E,68.0,Meet,Dép,20.55,18.97810218978102
2,20:42,OESTERLE Cedric,Running Team Schweighouse/mode,M0M/85,6500.0,06/01/24,Cross,Cross banana fit,Wittenheim,G-E,68.0,Meet,Dép,20.7,18.84057971014493
3,21:39,PASTOR Fabien,,SEM/91,6500.0,06/01/24,Cross,Cross banana fit,Wittenheim,G-E,68.0,Meet,Dép,21.65,18.013856812933028
4,21:44,ROUSSET Martin,,M0M/87,6500.0,06/01/24,Cross,Cross banana fit,Wittenheim,G-E,68.0,Meet,Dép,21.733333333333334,17.94478527607362
5,21:49,REMUSON Denis,Entente Grand Mulhouse Athle*,M0M/86,6500.0,06/01/24,Cross,Cross banana fit,Wittenheim,G-E,68.0,Meet,Dép,21.816666666666666,17.87624140565317
6,22:02,MANN Jeremy,Pays De Colmar Athletisme*,M0M/88,6500.0,06/01/24,Cross,Cross banana fit,Wittenheim,G-E,68.0,Meet,Dép,22.033333333333335,17.700453857791224
7,22:35,KREBS Joffrey,,SEM/92,6500.0,06/01/24,Cross,Cross banana fit,Wittenheim,G-E,68.0,Meet,Dép,22.583333333333332,17.269372693726936
8,22:38,MISCHEL Jerome,Pays De Colmar Athletisme*,M0M/87,6500.0,06/01/24,Cross,Cross banana fit,Wittenheim,G-E,68.0,Meet,Dép,22.633333333333333,17.23122238586156
9,23:03,KOCH Axel,,ESM/04,6500.0,06/01/24,Cross,Cross banana fit,Wittenheim,G-E,68.0,Meet,Dép,23.05,16.919739696312366
10,23:08,FABING Gaetan,,M0M/89,6500.0,06/01/24,Cross,Cross banana fit,Wittenheim,G-E,68.0,Meet,Dép,23.133333333333333,16.85878962536023
11,23:23,KREIDER Leo,Entente De Haute Alsace*,CAM/08,6500.0,06/01/24,Cross,Cross banana fit,Wittenheim,G-E,68.0,Meet,Dép,23.383333333333333,16.678545972915185
12,23:24,WEISENHORN Allan,Ac Huningue,M0M/89,6500.0,06/01/24,Cross,Cross banana fit,Wittenheim,G-E,68.0,Meet,Dép,23.4,16.666666666666668
13,23:31,LOCHER Michael,Entente De Haute Alsace*,M0M/89,6500.0,06/01/24,Cross,Cross banana fit,Wittenheim,G-E,68.0,Meet,Dép,23.516666666666666,16.583982990786676
14,23:42,KETTLER Edouard,,M0M/87,6500.0,06/01/24,Cross,Cross banana fit,Wittenheim,G-E,68.0,Meet,Dép,23.7,16.455696202531648
15,24:07,ZEHLER Fabrice,,M0M/86,6500.0,06/01/24,Cross,Cross banana fit,Wittenheim,G-E,68.0,Meet,Dép,24.116666666666667,16.171389080856947
16,24:09,DUBOIS David,Entente Grand Mulhouse Athle*,M1M/82,6500.0,06/01/24,Cross,Cross banana fit,Wittenheim,G-E,68.0,Meet,Dép,24.15,16.149068322981368
17,24:10,SCHAFFNER Frederic,,M1M/80,6500.0,06/01/24,Cross,Cross banana fit,Wittenheim,G-E,68.0,Meet,Dép,24.166666666666668,16.137931034482758
18,24:17,REBER Damien,,SEM/91,6500.0,06/01/24,Cross,Cross banana fit,Wittenheim,G-E,68.0,Meet,Dép,24.283333333333335,16.060398078242965
19,24:29,MILADI Abdallah,,M1M/83,6500.0,06/01/24,Cross,Cross banana fit,Wittenheim,G-E,68.0,Meet,Dép,24.483333333333334,15.929203539823009
20,24:33,LOETSCHER Matthieu,,M0M/88,6500.0,06/01/24,Cross,Cross banana fit,Wittenheim,G-E,68.0,Meet,Dép,24.55,15.885947046843176
21,24:45,OLHAUSEN Philippe,,M2M/78,6500.0,06/01/24,Cross,Cross banana fit,Wittenheim,G-E,68.0,Meet,Dép,24.75,15.757575757575758
22,24:46,MAGINOT Pascal,,M1M/81,6500.0,06/01/24,Cross,Cross banana fit,Wittenheim,G-E,68.0,Meet,Dép,24.766666666666666,15.746971736204577
23,25:03,LIBOLD Leo,,CAM/07,6500.0,06/01/24,Cross,Cross banana fit,Wittenheim,G-E,68.0,Meet,Dép,25.05,15.568862275449101
24,25:03,GHIMBEU Cristian,,CAM/07,6500.0,06/01/24,Cross,Cross banana fit,Wittenheim,G-E,68.0,Meet,Dép,25.05,15.568862275449101
25,25:08,BURGUNDER Thomas,,M0M/86,6500.0,06/01/24,Cross,Cross banana fit,Wittenheim,G-E,68.0,Meet,Dép,25.133333333333333,15.517241379310345
26,25:08,COUSSON Albin,,SEM/00,6500.0,06/01/24,Cross,Cross banana fit,Wittenheim,G-E,68.0,Meet,Dép,25.133333333333333,15.517241379310345
27,25:11,CHALLA Noe,,JUM/06,6500.0,06/01/24,Cross,Cross banana fit,Wittenheim,G-E,68.0,Meet,Dép,25.183333333333334,15.486432825943083
28,25:12,KESSLER Arnaud,,M3M/74,6500.0,06/01/24,Cross,Cross banana fit,Wittenheim,G-E,68.0,Meet,Dép,25.2,15.476190476190476
29,25:28,FERREIRA Filipe,Pays De Colmar Athletisme*,M3M/73,6500.0,06/01/24,Cross,Cross banana fit,Wittenheim,G-E,68.0,Meet,Dép,25.466666666666665,15.314136125654452
30,25:40,ISSENLOR David,,M2M/78,6500.0,06/01/24,Cross,Cross banana fit,Wittenheim,G-E,68.0,Meet,Dép,25.666666666666668,15.194805194805193
31,25:41,ROSEL Gregory,,SEM/93,6500.0,06/01/24,Cross,Cross banana fit,Wittenheim,G-E,68.0,Meet,Dép,25.683333333333334,15.184944841012328
32,25:47,GEYER Antoine,,SEM/93,6500.0,06/01/24,Cross,Cross banana fit,Wittenheim,G-E,68.0,Meet,Dép,25.783333333333335,15.126050420168067
33,25:50,MEHL Carole,,M0F/86,6500.0,06/01/24,Cross,Cross banana fit,Wittenheim,G-E,68.0,Meet,Dép,25.833333333333332,15.096774193548388
34,25:50,DUVAL Axel,,M0M/88,6500.0,06/01/24,Cross,Cross banana fit,Wittenheim,G-E,68.0,Meet,Dép,25.833333333333332,15.096774193548388
35,26:02,BOUYER Cyril,,SEM/92,6500.0,06/01/24,Cross,Cross banana fit,Wittenheim,G-E,68.0,Meet,Dép,26.033333333333335,14.980793854033289
36,26:03,KOEHL Louan,,CAM/07,6500.0,06/01/24,Cross,Cross banana fit,Wittenheim,G-E,68.0,Meet,Dép,26.05,14.971209213051822
37,26:12,BRENGARTNER Frank (Ger),,M3M/74,6500.0,06/01/24,Cross,Cross banana fit,Wittenheim,G-E,68.0,Meet,Dép,26.2,14.885496183206108
38,26:18,GOLEA Elsa,,M0F/85,6500.0,06/01/24,Cross,Cross banana fit,Wittenheim,G-E,68.0,Meet,Dép,26.3,14.828897338403042
39,26:19,JARRY Corentin,,M0M/87,6500.0,06/01/24,Cross,Cross banana fit,Wittenheim,G-E,68.0,Meet,Dép,26.316666666666666,14.819506016466118
40,26:27,RASETTI Maxime,,M0M/87,6500.0,06/01/24,Cross,Cross banana fit,Wittenheim,G-E,68.0,Meet,Dép,26.45,14.744801512287335
41,26:56,GUILLOU Erwan,,SEM/91,6500.0,06/01/24,Cross,Cross banana fit,Wittenheim,G-E,68.0,Meet,Dép,26.933333333333334,14.48019801980198
42,26:57,JANVIER Dorian,,SEM/96,6500.0,06/01/24,Cross,Cross banana fit,Wittenheim,G-E,68.0,Meet,Dép,26.95,14.471243042671615
43,26:58,FREY Jules,,CAM/08,6500.0,06/01/24,Cross,Cross banana fit,Wittenheim,G-E,68.0,Meet,Dép,26.966666666666665,14.462299134734241
44,27:04,REISCHMANN Dieter (GER),Pays De Colmar Athletisme*,M3M/72,6500.0,06/01/24,Cross,Cross banana fit,Wittenheim,G-E,68.0,Meet,Dép,27.066666666666666,14.408866995073891
45,27:20,CHAABNA Farouk,,M0M/87,6500.0,06/01/24,Cross,Cross banana fit,Wittenheim,G-E,68.0,Meet,Dép,27.333333333333332,14.26829268292683
46,27:23,DE LUCA Bruno,,M1M/84,6500.0,06/01/24,Cross,Cross banana fit,Wittenheim,G-E,68.0,Meet,Dép,27.383333333333333,14.242239805234327
47,27:28,RICHE Jean,,CAM/07,6500.0,06/01/24,Cross,Cross banana fit,Wittenheim,G-E,68.0,Meet,Dép,27.466666666666665,14.199029126213594
48,27:32,NAUD Frederic,,M3M/72,6500.0,06/01/24,Cross,Cross banana fit,Wittenheim,G-E,68.0,Meet,Dép,27.533333333333335,14.164648910411621
49,27:34,ZINDERSTEIN Jeremie,,M0M/85,6500.0,06/01/24,Cross,Cross banana fit,Wittenheim,G-E,68.0,Meet,Dép,27.566666666666666,14.147521160822249
50,27:35,SANCHEZ Julien,,M2M/76,6500.0,06/01/24,Cross,Cross banana fit,Wittenheim,G-E,68.0,Meet,Dép,27.583333333333332,14.138972809667674
51,27:35,LECHEKHAB Lahid,,M3M/74,6500.0,06/01/24,Cross,Cross banana fit,Wittenheim,G-E,68.0,Meet,Dép,27.583333333333332,14.138972809667674
52,27:36,PENNETIER Geoffrey,,M0M/89,6500.0,06/01/24,Cross,Cross banana fit,Wittenheim,G-E,68.0,Meet,Dép,27.6,14.130434782608695
53,27:38,VARGA Laurent,,M3M/72,6500.0,06/01/24,Cross,Cross banana fit,Wittenheim,G-E,68.0,Meet,Dép,27.633333333333333,14.113389626055488
54,27:40,NUSSBAUMER Jean David,,M3M/71,6500.0,06/01/24,Cross,Cross banana fit,Wittenheim,G-E,68.0,Meet,Dép,27.666666666666668,14.096385542168674
55,27:41,CHARABIE Cynthia,,M1F/83,6500.0,06/01/24,Cross,Cross banana fit,Wittenheim,G-E,68.0,Meet,Dép,27.683333333333334,14.087898856110776
56,27:43,NAVILIAT Arnoud,,M0M/88,6500.0,06/01/24,Cross,Cross banana fit,Wittenheim,G-E,68.0,Meet,Dép,27.716666666666665,14.070956103427541
57,27:47,FREY Sebastien,EHA - S/L US THANN ATHLETISME,M1M/84,6500.0,06/01/24,Cross,Cross banana fit,Wittenheim,G-E,68.0,Meet,Dép,27.783333333333335,14.0371925614877
58,27:48,SIMON Eric,Pays De Colmar Athletisme*,M2M/75,6500.0,06/01/24,Cross,Cross banana fit,Wittenheim,G-E,68.0,Meet,Dép,27.8,14.028776978417266
59,27:52,VICHARD Cedric,,M2M/78,6500.0,06/01/24,Cross,Cross banana fit,Wittenheim,G-E,68.0,Meet,Dép,27.866666666666667,13.995215311004785
60,27:57,MANN Julien,,M0M/87,6500.0,06/01/24,Cross,Cross banana fit,Wittenheim,G-E,68.0,Meet,Dép,27.95,13.953488372093023
61,28:00,BOUYER Camille,,M0F/89,6500.0,06/01/24,Cross,Cross banana fit,Wittenheim,G-E,68.0,Meet,Dép,28.0,13.928571428571429
62,28:07,MANN Marie-Sandrine,Pays De Colmar Athletisme*,M0F/88,6500.0,06/01/24,Cross,Cross banana fit,Wittenheim,G-E,68.0,Meet,Dép,28.116666666666667,13.870776526378185
63,28:14,ANTONY Severine,,M2F/79,6500.0,06/01/24,Cross,Cross banana fit,Wittenheim,G-E,68.0,Meet,Dép,28.233333333333334,13.813459268004722
64,28:34,COUSSON Arnaud,,M3M/71,6500.0,06/01/24,Cross,Cross banana fit,Wittenheim,G-E,68.0,Meet,Dép,28.566666666666666,13.652275379229872
65,28:35,BOURDON Maurice,,M6M/59,6500.0,06/01/24,Cross,Cross banana fit,Wittenheim,G-E,68.0,Meet,Dép,28.583333333333332,13.644314868804665
66,28:37,HAISMANN Jean-Luc,Entente De Haute Alsace*,M4M/65,6500.0,06/01/24,Cross,Cross banana fit,Wittenheim,G-E,68.0,Meet,Dép,28.616666666666667,13.628421665695981
67,28:41,GRAFF Jean,PCA - S/L CCA ROUFFACH,M1M/80,6500.0,06/01/24,Cross,Cross banana fit,Wittenheim,G-E,68.0,Meet,Dép,28.683333333333334,13.596746077861708
68,28:46,PARMENTIER Thierry,,M4M/68,6500.0,06/01/24,Cross,Cross banana fit,Wittenheim,G-E,68.0,Meet,Dép,28.766666666666666,13.557358053302433
69,28:57,HOUGLEUR Charles,,SEM/00,6500.0,06/01/24,Cross,Cross banana fit,Wittenheim,G-E,68.0,Meet,Dép,28.95,13.471502590673575
70,29:09,BLONDE Loic,,SEM/94,6500.0,06/01/24,Cross,Cross banana fit,Wittenheim,G-E,68.0,Meet,Dép,29.15,13.379073756432248
71,29:18,NNORUKA Samuel,Entente Grand Mulhouse Athle*,M3M/72,6500.0,06/01/24,Cross,Cross banana fit,Wittenheim,G-E,68.0,Meet,Dép,29.3,13.310580204778157
72,29:19,BARON Kevin,,M0M/87,6500.0,06/01/24,Cross,Cross banana fit,Wittenheim,G-E,68.0,Meet,Dép,29.316666666666666,13.303013075611142
73,29:26,HEBDING Olivier,,SEM/90,6500.0,06/01/24,Cross,Cross banana fit,Wittenheim,G-E,68.0,Meet,Dép,29.433333333333334,13.250283125707814
74,29:26,WUCHER Laura,Entente De Haute Alsace*,M0F/89,6500.0,06/01/24,Cross,Cross banana fit,Wittenheim,G-E,68.0,Meet,Dép,29.433333333333334,13.250283125707814
75,29:40,SIMONET Guillaume,,SEM/94,6500.0,06/01/24,Cross,Cross banana fit,Wittenheim,G-E,68.0,Meet,Dép,29.666666666666668,13.146067415730336
76,29:57,BUECHER Sebastien,,M3M/74,6500.0,06/01/24,Cross,Cross banana fit,Wittenheim,G-E,68.0,Meet,Dép,29.95,13.02170283806344
77,30:02,LAMORLETTE Steve,EHA - S/L ALTKIRCH ATHLE SUNDG,M3M/73,6500.0,06/01/24,Cross,Cross banana fit,Wittenheim,G-E,68.0,Meet,Dép,30.033333333333335,12.985571587125417
78,30:09,BURGER Jean-Luc,Entente Grand Mulhouse Athle*,M6M/55,6500.0,06/01/24,Cross,Cross banana fit,Wittenheim,G-E,68.0,Meet,Dép,30.15,12.935323383084578
79,30:25,BALLY Alain,,M6M/56,6500.0,06/01/24,Cross,Cross banana fit,Wittenheim,G-E,68.0,Meet,Dép,30.416666666666668,12.82191780821918
80,30:37,CHARBONNIER Antoine,,SEM/96,6500.0,06/01/24,Cross,Cross banana fit,Wittenheim,G-E,68.0,Meet,Dép,30.616666666666667,12.738160043549264
81,30:40,GAUGLER Mathieu,EHA - S/L US THANN ATHLETISME,M2M/77,6500.0,06/01/24,Cross,Cross banana fit,Wittenheim,G-E,68.0,Meet,Dép,30.666666666666668,12.717391304347824
82,31:00,SCHNECK Geoffroy,,M1M/82,6500.0,06/01/24,Cross,Cross banana fit,Wittenheim,G-E,68.0,Meet,Dép,31.0,12.580645161290322
83,31:04,EWERT Alain,,M5M/60,6500.0,06/01/24,Cross,Cross banana fit,Wittenheim,G-E,68.0,Meet,Dép,31.066666666666666,12.553648068669528
84,31:16,NAFFZGER Jenny,,SEF/99,6500.0,06/01/24,Cross,Cross banana fit,Wittenheim,G-E,68.0,Meet,Dép,31.266666666666666,12.473347547974415
85,31:19,TOUBI Karim,,M3M/73,6500.0,06/01/24,Cross,Cross banana fit,Wittenheim,G-E,68.0,Meet,Dép,31.316666666666666,12.453432676955828
86,31:34,OTT David,,M3M/73,6500.0,06/01/24,Cross,Cross banana fit,Wittenheim,G-E,68.0,Meet,Dép,31.566666666666666,12.35480464625132
87,31:43,NNORUKA Paul,,JUM/05,6500.0,06/01/24,Cross,Cross banana fit,Wittenheim,G-E,68.0,Meet,Dép,31.716666666666665,12.29637414608513
88,32:02,LINDECKER Nathalie,Entente De Haute Alsace*,M2F/77,6500.0,06/01/24,Cross,Cross banana fit,Wittenheim,G-E,68.0,Meet,Dép,32.03333333333333,12.174817898022894
89,32:05,LIDY Aurelia,,M2F/78,6500.0,06/01/24,Cross,Cross banana fit,Wittenheim,G-E,68.0,Meet,Dép,32.083333333333336,12.155844155844155
90,32:16,DURAIN Yannick,,SEM/96,6500.0,06/01/24,Cross,Cross banana fit,Wittenheim,G-E,68.0,Meet,Dép,32.266666666666666,12.086776859504132
91,32:16,DURAIN Maxime,,SEM/95,6500.0,06/01/24,Cross,Cross banana fit,Wittenheim,G-E,68.0,Meet,Dép,32.266666666666666,12.086776859504132
92,32:18,SIMONET Jerome,,SEM/97,6500.0,06/01/24,Cross,Cross banana fit,Wittenheim,G-E,68.0,Meet,Dép,32.3,12.074303405572756
93,32:25,SERO Aurelie,PCA - S/L ATHLETIC COLMAR LIBE,M2F/75,6500.0,06/01/24,Cross,Cross banana fit,Wittenheim,G-E,68.0,Meet,Dép,32.416666666666664,12.030848329048844
94,32:30,MULLER Patrick,,M5M/64,6500.0,06/01/24,Cross,Cross banana fit,Wittenheim,G-E,68.0,Meet,Dép,32.5,12.0
95,32:41,HERTER Michael,,M0M/86,6500.0,06/01/24,Cross,Cross banana fit,Wittenheim,G-E,68.0,Meet,Dép,32.68333333333333,11.932687404385518
96,32:45,SERO Benoit,PCA - S/L ATHLETIC COLMAR LIBE,M2M/75,6500.0,06/01/24,Cross,Cross banana fit,Wittenheim,G-E,68.0,Meet,Dép,32.75,11.908396946564887
97,32:53,GONZALEZ Julie,,SEF/93,6500.0,06/01/24,Cross,Cross banana fit,Wittenheim,G-E,68.0,Meet,Dép,32.88333333333333,11.860111505321846
98,32:56,SCHITTLY Aurelie,,M0F/89,6500.0,06/01/24,Cross,Cross banana fit,Wittenheim,G-E,68.0,Meet,Dép,32.93333333333333,11.842105263157896
99,33:02,NOWACKI Sarah,,M1F/83,6500.0,06/01/24,Cross,Cross banana fit,Wittenheim,G-E,68.0,Meet,Dép,33.03333333333333,11.806256306760847
100,33:05,UHRING Nicole,Entente De Haute Alsace*,M4F/67,6500.0,06/01/24,Cross,Cross banana fit,Wittenheim,G-E,68.0,Meet,Dép,33.083333333333336,11.788413098236775
101,33:16,BIRGER Marlene,,M0F/86,6500.0,06/01/24,Cross,Cross banana fit,Wittenheim,G-E,68.0,Meet,Dép,33.266666666666666,11.723446893787576
102,33:17,BEHRA Carine,,M1F/80,6500.0,06/01/24,Cross,Cross banana fit,Wittenheim,G-E,68.0,Meet,Dép,33.28333333333333,11.71757636454682
103,33:21,CHALLA Abdel,,M2M/76,6500.0,06/01/24,Cross,Cross banana fit,Wittenheim,G-E,68.0,Meet,Dép,33.35,11.69415292353823
104,33:47,CSOBAN Steven,,SEM/94,6500.0,06/01/24,Cross,Cross banana fit,Wittenheim,G-E,68.0,Meet,Dép,33.78333333333333,11.544153922052294
105,33:48,REHM Coralie,,SEF/01,6500.0,06/01/24,Cross,Cross banana fit,Wittenheim,G-E,68.0,Meet,Dép,33.8,11.53846153846154
106,33:48,HEYER Isaline,,ESF/04,6500.0,06/01/24,Cross,Cross banana fit,Wittenheim,G-E,68.0,Meet,Dép,33.8,11.53846153846154
107,33:53,VIZZARRI Lina,Pays De Colmar Athletisme*,M3F/73,6500.0,06/01/24,Cross,Cross banana fit,Wittenheim,G-E,68.0,Meet,Dép,33.88333333333333,11.510083620265616
108,33:54,SIG Myriam,,M5F/63,6500.0,06/01/24,Cross,Cross banana fit,Wittenheim,G-E,68.0,Meet,Dép,33.9,11.504424778761063
109,34:01,DAYA Youcef,,M1M/82,6500.0,06/01/24,Cross,Cross banana fit,Wittenheim,G-E,68.0,Meet,Dép,34.016666666666666,11.464968152866241
110,34:01,GOETZMANN Guillaume,,M0M/86,6500.0,06/01/24,Cross,Cross banana fit,Wittenheim,G-E,68.0,Meet,Dép,34.016666666666666,11.464968152866241
111,34:02,GUTFREUND Claude,,M2M/78,6500.0,06/01/24,Cross,Cross banana fit,Wittenheim,G-E,68.0,Meet,Dép,34.03333333333333,11.459353574926544
112,34:02,WURTZ Jean-Marie,,M7M/54,6500.0,06/01/24,Cross,Cross banana fit,Wittenheim,G-E,68.0,Meet,Dép,34.03333333333333,11.459353574926544
113,34:09,GAUDIN Thomas,,M0M/88,6500.0,06/01/24,Cross,Cross banana fit,Wittenheim,G-E,68.0,Meet,Dép,34.15,11.420204978038068
114,34:30,MONNIER Sylvie,Entente De Haute Alsace*,M1F/80,6500.0,06/01/24,Cross,Cross banana fit,Wittenheim,G-E,68.0,Meet,Dép,34.5,11.304347826086957
115,34:41,GRAFF Joelle,PCA - S/L CCA ROUFFACH,M0F/85,6500.0,06/01/24,Cross,Cross banana fit,Wittenheim,G-E,68.0,Meet,Dép,34.68333333333333,11.244593945218645
116,34:47,HUG Cindy,EHA - S/L ALTKIRCH ATHLE SUNDG,M2F/79,6500.0,06/01/24,Cross,Cross banana fit,Wittenheim,G-E,68.0,Meet,Dép,34.78333333333333,11.212266411116437
117,35:21,ANSELM Marie,EHA - S/L CLUB ATHLETIC MOOSCH,M1F/82,6500.0,06/01/24,Cross,Cross banana fit,Wittenheim,G-E,68.0,Meet,Dép,35.35,11.03253182461103
118,35:29,CARON Gaelle,EHA - S/L US PULVERSHEIM ATHLE,M1F/82,6500.0,06/01/24,Cross,Cross banana fit,Wittenheim,G-E,68.0,Meet,Dép,35.483333333333334,10.991075622357915
119,36:04,BERNHARD Laurence,,M2F/76,6500.0,06/01/24,Cross,Cross banana fit,Wittenheim,G-E,68.0,Meet,Dép,36.06666666666667,10.813308687615526
120,36:54,HAENSLER Mathilde,,SEF/93,6500.0,06/01/24,Cross,Cross banana fit,Wittenheim,G-E,68.0,Meet,Dép,36.9,10.56910569105691
121,37:07,AUBERT Arnaud,,M1M/81,6500.0,06/01/24,Cross,Cross banana fit,Wittenheim,G-E,68.0,Meet,Dép,37.11666666666667,10.507409070498428
122,37:14,METZGER Pascaline,Entente De Haute Alsace*,M4F/69,6500.0,06/01/24,Cross,Cross banana fit,Wittenheim,G-E,68.0,Meet,Dép,37.233333333333334,10.474485228290064
123,37:14,MONTAGNON Gaelle,Entente De Haute Alsace*,M2F/76,6500.0,06/01/24,Cross,Cross banana fit,Wittenheim,G-E,68.0,Meet,Dép,37.233333333333334,10.474485228290064
124,37:14,SCHIRO Louis,Entente De Haute Alsace*,M6M/57,6500.0,06/01/24,Cross,Cross banana fit,Wittenheim,G-E,68.0,Meet,Dép,37.233333333333334,10.474485228290064
125,37:46,KERN Melanie,,SEF/90,6500.0,06/01/24,Cross,Cross banana fit,Wittenheim,G-E,68.0,Meet,Dép,37.766666666666666,10.326566637246248
126,38:00,ZINDERSTEIN Charlotte,EHA - S/L US PULVERSHEIM ATHLE,M0F/86,6500.0,06/01/24,Cross,Cross banana fit,Wittenheim,G-E,68.0,Meet,Dép,38.0,10.263157894736842
127,38:10,URSPRUNG Caroline,,SEF/98,6500.0,06/01/24,Cross,Cross banana fit,Wittenheim,G-E,68.0,Meet,Dép,38.166666666666664,10.218340611353712
128,38:32,HORNY- LERCH Laetitia,,M0F/88,6500.0,06/01/24,Cross,Cross banana fit,Wittenheim,G-E,68.0,Meet,Dép,38.53333333333333,10.121107266435988
129,39:00,HALIB Moon,,M4F/68,6500.0,06/01/24,Cross,Cross banana fit,Wittenheim,G-E,68.0,Meet,Dép,39.0,10.0
130,39:16,BOETSCH Diane,,SEF/97,6500.0,06/01/24,Cross,Cross banana fit,Wittenheim,G-E,68.0,Meet,Dép,39.266666666666666,9.932088285229202
131,39:29,GROFF Stephanie,,M0F/87,6500.0,06/01/24,Cross,Cross banana fit,Wittenheim,G-E,68.0,Meet,Dép,39.483333333333334,9.877585479105107
132,39:41,WOLFERSPERGER Elise,,M0F/85,6500.0,06/01/24,Cross,Cross banana fit,Wittenheim,G-E,68.0,Meet,Dép,39.68333333333333,9.827803443931122
133,40:06,LUTY Emmannuelle,,M2F/76,6500.0,06/01/24,Cross,Cross banana fit,Wittenheim,G-E,68.0,Meet,Dép,40.1,9.72568578553616
134,40:20,BLATZ Frederic,,M2M/76,6500.0,06/01/24,Cross,Cross banana fit,Wittenheim,G-E,68.0,Meet,Dép,40.333333333333336,9.669421487603305
135,41:17,MOINS Solene,,SEF/96,6500.0,06/01/24,Cross,Cross banana fit,Wittenheim,G-E,68.0,Meet,Dép,41.28333333333333,9.44691158659669
136,41:19,AURET Jean-Marc,,M4M/67,6500.0,06/01/24,Cross,Cross banana fit,Wittenheim,G-E,68.0,Meet,Dép,41.31666666666667,9.43929003630496
137,41:30,ARNOULT Isabel (ARG),EHA - S/L CLUB ATHLETIC MOOSCH,M4F/65,6500.0,06/01/24,Cross,Cross banana fit,Wittenheim,G-E,68.0,Meet,Dép,41.5,9.397590361445783
138,42:13,LAURENT Maina,,SEF/94,6500.0,06/01/24,Cross,Cross banana fit,Wittenheim,G-E,68.0,Meet,Dép,42.21666666666667,9.238057639163047
139,42:50,GERAUD Sylvie,,M3F/70,6500.0,06/01/24,Cross,Cross banana fit,Wittenheim,G-E,68.0,Meet,Dép,42.833333333333336,9.105058365758754
140,43:07,STEINERT Olivier,,M3M/72,6500.0,06/01/24,Cross,Cross banana fit,Wittenheim,G-E,68.0,Meet,Dép,43.11666666666667,9.045226130653267
141,43:29,BOSSERT Sabine,,M6F/58,6500.0,06/01/24,Cross,Cross banana fit,Wittenheim,G-E,68.0,Meet,Dép,43.483333333333334,8.968953622077423
142,43:29,MUELLER Olaf (Ger),,M4M/67,6500.0,06/01/24,Cross,Cross banana fit,Wittenheim,G-E,68.0,Meet,Dép,43.483333333333334,8.968953622077423
143,45:28,MERCURIO Anastasiia (Rus),,M3F/74,6500.0,06/01/24,Cross,Cross banana fit,Wittenheim,G-E,68.0,Meet,Dép,45.46666666666667,8.577712609970675
144,45:56,MEYER Huguette,,M5F/60,6500.0,06/01/24,Cross,Cross banana fit,Wittenheim,G-E,68.0,Meet,Dép,45.93333333333333,8.49056603773585
145,46:13,MECHALI Paul,,M8M/47,6500.0,06/01/24,Cross,Cross banana fit,Wittenheim,G-E,68.0,Meet,Dép,46.21666666666667,8.43851424450054
146,46:16,MADER Kevin (Ger),,SEM/94,6500.0,06/01/24,Cross,Cross banana fit,Wittenheim,G-E,68.0,Meet,Dép,46.266666666666666,8.429394812680115
147,47:21,EIDENSCHENK Antoinette,,M2F/75,6500.0,06/01/24,Cross,Cross banana fit,Wittenheim,G-E,68.0,Meet,Dép,47.35,8.236536430834214
148,47:21,GUTFREUND Estelle,,M1F/81,6500.0,06/01/24,Cross,Cross banana fit,Wittenheim,G-E,68.0,Meet,Dép,47.35,8.236536430834214
1,28'12'',OURRAD Karim,CAEN ATHLETIC CLUB*,M0M/89,7625.0,06/01/24,Cross,Championnat départemental  de cross fsgt,Bolbec,NOR,76.0,Meet,Dép,28.2,16.22340425531915
2,28'17'',BICHEREL Yoann,Ca Cauchois,M0M/85,7625.0,06/01/24,Cross,Championnat départemental  de cross fsgt,Bolbec,NOR,76.0,Meet,Dép,28.283333333333335,16.1756040070713
3,28'21'',PLAISSY Christophe,,M0M/85,7625.0,06/01/24,Cross,Championnat départemental  de cross fsgt,Bolbec,NOR,76.0,Meet,Dép,28.35,16.137566137566136
4,29'03'',CARBALLO Marc,Ca Cauchois,M1M/83,7625.0,06/01/24,Cross,Championnat départemental  de cross fsgt,Bolbec,NOR,76.0,Meet,Dép,29.05,15.748709122203097
5,29'10'',GOULARD Sylvain,LE HAVRE S'PORT ATHLETISME,M1M/82,7625.0,06/01/24,Cross,Championnat départemental  de cross fsgt,Bolbec,NOR,76.0,Meet,Dép,29.166666666666668,15.685714285714285
6,30'09'',LEPILLER David,Co Bolbec,SEM/99,7625.0,06/01/24,Cross,Championnat départemental  de cross fsgt,Bolbec,NOR,76.0,Meet,Dép,30.15,15.174129353233832
7,30'13'',FOREST Gwenael,Sc Bernay,M1M/80,7625.0,06/01/24,Cross,Championnat départemental  de cross fsgt,Bolbec,NOR,76.0,Meet,Dép,30.216666666666665,15.140650854936569
8,30'54'',PIEDNOEL Emmanuel,,SEM/90,7625.0,06/01/24,Cross,Championnat départemental  de cross fsgt,Bolbec,NOR,76.0,Meet,Dép,30.9,14.805825242718447
9,31'51'',TALAOUGHANIM Kamel,Le Havre Sport Athletisme,M0M/88,7625.0,06/01/24,Cross,Championnat départemental  de cross fsgt,Bolbec,NOR,76.0,Meet,Dép,31.85,14.364207221350076
10,32'29'',TREMBLE Paul,Vc Bocage Vire,ESM/04,7625.0,06/01/24,Cross,Championnat départemental  de cross fsgt,Bolbec,NOR,76.0,Meet,Dép,32.483333333333334,14.084145715751667
11,32'38'',RUBIGNY Leo,,SEM/99,7625.0,06/01/24,Cross,Championnat départemental  de cross fsgt,Bolbec,NOR,76.0,Meet,Dép,32.63333333333333,14.019407558733402
12,32'45'',VITTECOQ Vincent,Montville Running Club,M1M/82,7625.0,06/01/24,Cross,Championnat départemental  de cross fsgt,Bolbec,NOR,76.0,Meet,Dép,32.75,13.969465648854964
13,33'02'',VILLETTE Frederic,Montville Running Club,M3M/74,7625.0,06/01/24,Cross,Championnat départemental  de cross fsgt,Bolbec,NOR,76.0,Meet,Dép,33.03333333333333,13.849646821392533
14,33'47'',SAUTREUIL Aurelien,S/l Cs Gravenchon,SEM/99,7625.0,06/01/24,Cross,Championnat départemental  de cross fsgt,Bolbec,NOR,76.0,Meet,Dép,33.78333333333333,13.5421805624075
15,34'12'',SOURDON Guillaume,Sc Bernay,M1M/83,7625.0,06/01/24,Cross,Championnat départemental  de cross fsgt,Bolbec,NOR,76.0,Meet,Dép,34.2,13.377192982456139
16,35'20'',VAUCHEL Wilfried,Groupement Athletique Basse Se,M3M/73,7625.0,06/01/24,Cross,Championnat départemental  de cross fsgt,Bolbec,NOR,76.0,Meet,Dép,35.333333333333336,12.94811320754717
17,35'23'',VIARD Francois,Auffay Running Club,M2M/78,7625.0,06/01/24,Cross,Championnat départemental  de cross fsgt,Bolbec,NOR,76.0,Meet,Dép,35.38333333333333,12.929816297691945
18,35'38'',CASTAGNOS Denis,As Montoise,M3M/74,7625.0,06/01/24,Cross,Championnat départemental  de cross fsgt,Bolbec,NOR,76.0,Meet,Dép,35.63333333333333,12.839101964452759
19,37'30'',TRIFFAULT Jean-Christophe,As Montoise,M3M/71,7625.0,06/01/24,Cross,Championnat départemental  de cross fsgt,Bolbec,NOR,76.0,Meet,Dép,37.5,12.2
20,38'13'',FOUGY Florian,Auffay Running Club,M0M/87,7625.0,06/01/24,Cross,Championnat départemental  de cross fsgt,Bolbec,NOR,76.0,Meet,Dép,38.21666666666667,11.971216746620149
23,40'32'',RAIMBOURG Thomas,Gaccsr,SEM/96,7625.0,06/01/24,Cross,Championnat départemental  de cross fsgt,Bolbec,NOR,76.0,Meet,Dép,40.53333333333333,11.287006578947368
24,40'37'',GERARD Patrice,Team Tsm,M2M/77,7625.0,06/01/24,Cross,Championnat départemental  de cross fsgt,Bolbec,NOR,76.0,Meet,Dép,40.61666666666667,11.263848994665572
25,40'55'',VATINE Alexandre,Gaccsr,SEM/91,7625.0,06/01/24,Cross,Championnat départemental  de cross fsgt,Bolbec,NOR,76.0,Meet,Dép,40.916666666666664,11.181262729124239
1,26'42'',ROCCHI Juliette,Auffay Running Club,SEF/95,5375.0,06/01/24,Cross,Championnat départemental  de cross fsgt,Bolbec,NOR,76.0,Meet,Dép,26.7,12.078651685393258
2,30'02'',SCHLUR Amandine,Auffay Running Club,M1F/83,5375.0,06/01/24,Cross,Championnat départemental  de cross fsgt,Bolbec,NOR,76.0,Meet,Dép,30.033333333333335,10.738068812430633
3,30'38'',VANDERMEERSCH Emilie,Gaccsr,M1F/82,5375.0,06/01/24,Cross,Championnat départemental  de cross fsgt,Bolbec,NOR,76.0,Meet,Dép,30.633333333333333,10.527747551686616
1,16'28'',CUVELLIER Bruno,Yvetot Triatlon,M4M/67,3525.0,06/01/24,Cross,Championnat départemental  de cross fsgt,Bolbec,NOR,76.0,Meet,Dép,16.466666666666665,12.84412955465587
2,17'08'',DUSEAUX Alain,,M4M/66,3525.0,06/01/24,Cross,Championnat départemental  de cross fsgt,Bolbec,NOR,76.0,Meet,Dép,17.133333333333333,12.344357976653695
3,17'32'',DESERT Bruno,Gaccsr,M4M/67,3525.0,06/01/24,Cross,Championnat départemental  de cross fsgt,Bolbec,NOR,76.0,Meet,Dép,17.533333333333335,12.06273764258555
4,19'14'',DESERT Philippe,Gaccsr,M6M/59,3525.0,06/01/24,Cross,Championnat départemental  de cross fsgt,Bolbec,NOR,76.0,Meet,Dép,19.233333333333334,10.996533795493933
5,21'09'',LEVASSEUR Leon,Viking Club Yvetot,M7M/50,3525.0,06/01/24,Cross,Championnat départemental  de cross fsgt,Bolbec,NOR,76.0,Meet,Dép,21.15,10.0
6,21'22'',GEFFRAY Michel,Auzouville,M6M/55,3525.0,06/01/24,Cross,Championnat départemental  de cross fsgt,Bolbec,NOR,76.0,Meet,Dép,21.366666666666667,9.898595943837753
7,21'19'',HAUGUEL Arnaud,Gaccsr,M5M/64,3525.0,06/01/24,Cross,Championnat départemental  de cross fsgt,Bolbec,NOR,76.0,Meet,Dép,21.316666666666666,9.921813917122753
8,21'23'',LEFEBVRE Claude,Auffay Running Club,M6M/56,3525.0,06/01/24,Cross,Championnat départemental  de cross fsgt,Bolbec,NOR,76.0,Meet,Dép,21.383333333333333,9.890880748246298
9,29'27'',LE ROUX Jean-Pierre,Gaccsr,M7M/54,3525.0,06/01/24,Cross,Championnat départemental  de cross fsgt,Bolbec,NOR,76.0,Meet,Dép,29.45,7.181663837011884
10,31'55'',SIMON Jean-Paul,Gaccsr,M7M/51,3525.0,06/01/24,Cross,Championnat départemental  de cross fsgt,Bolbec,NOR,76.0,Meet,Dép,31.916666666666668,6.6266318537859
1,11'45'',DEMARESCAUX Hugo,As Montoise,CAM/07,3025.0,06/01/24,Cross,Championnat départemental  de cross fsgt,Bolbec,NOR,76.0,Meet,Dép,11.75,15.446808510638297
2,15'36'',TRIFFAULT Nolwenn,As Montoise,JUF/05,3025.0,06/01/24,Cross,Championnat départemental  de cross fsgt,Bolbec,NOR,76.0,Meet,Dép,15.6,11.634615384615383
3,11'54'',BROUARD Patricia,Gaccsr,M5F/62,3025.0,06/01/24,Cross,Championnat départemental  de cross fsgt,Bolbec,NOR,76.0,Meet,Dép,11.9,15.252100840336134
4,17'18'',GIS RENIER Sophie,Gaccsr,M5F/63,3025.0,06/01/24,Cross,Championnat départemental  de cross fsgt,Bolbec,NOR,76.0,Meet,Dép,17.3,10.491329479768785
5,18'40'',CHAPON Cyrille,Gaccsr,M5F/63,3025.0,06/01/24,Cross,Championnat départemental  de cross fsgt,Bolbec,NOR,76.0,Meet,Dép,18.666666666666668,9.723214285714285
1,-,CAUVET Enzo,As Montoise,MIM/09,2625.0,06/01/24,Cross,Championnat départemental  de cross fsgt,Bolbec,NOR,76.0,Meet,Dép,0.0,0.0
2,-,VALLEE Clara,As Montoise,CAF/07,2625.0,06/01/24,Cross,Championnat départemental  de cross fsgt,Bolbec,NOR,76.0,Meet,Dép,0.0,0.0
1,9'14'',DAVID Valentin,Gaccsr,BEM/11,2075.0,06/01/24,Cross,Championnat départemental  de cross fsgt,Bolbec,NOR,76.0,Meet,Dép,9.233333333333333,13.48375451263538
2,9'49'',HEUDEBOURG Idriss,As Montoise,BEM/12,2075.0,06/01/24,Cross,Championnat départemental  de cross fsgt,Bolbec,NOR,76.0,Meet,Dép,9.816666666666666,12.682512733446522
3,9'55'',DEMARESCAUX Emma,As Montoise,MIF/10,2075.0,06/01/24,Cross,Championnat départemental  de cross fsgt,Bolbec,NOR,76.0,Meet,Dép,9.916666666666666,12.554621848739497
4,9'59'',TROLONG Anais,As Montoise,MIF/09,2075.0,06/01/24,Cross,Championnat départemental  de cross fsgt,Bolbec,NOR,76.0,Meet,Dép,9.983333333333333,12.47078464106845
5,10'02'',VANDERMEERSCH Simon,Gaccsr,BEM/12,2075.0,06/01/24,Cross,Championnat départemental  de cross fsgt,Bolbec,NOR,76.0,Meet,Dép,10.033333333333333,12.408637873754154
6,10'11'',BARON Arthur,Gaccsr,BEM/12,2075.0,06/01/24,Cross,Championnat départemental  de cross fsgt,Bolbec,NOR,76.0,Meet,Dép,10.183333333333334,12.225859247135844
7,10'18'',BLOT Valentin,Gaccsr,BEM/12,2075.0,06/01/24,Cross,Championnat départemental  de cross fsgt,Bolbec,NOR,76.0,Meet,Dép,10.3,12.087378640776699
8,10'41'',VANDERMEERSCH Chloe,Gaccsr,MIF/09,2075.0,06/01/24,Cross,Championnat départemental  de cross fsgt,Bolbec,NOR,76.0,Meet,Dép,10.683333333333334,11.653666146645866
9,15'06'',PETIT Lili-Rose,Gaccsr,MIF/10,2075.0,06/01/24,Cross,Championnat départemental  de cross fsgt,Bolbec,NOR,76.0,Meet,Dép,15.1,8.245033112582783
1,-,CARBALLO Margaux,Ca Cauchois,BEF/12,1675.0,06/01/24,Cross,Championnat départemental  de cross fsgt,Bolbec,NOR,76.0,Meet,Dép,0.0,0.0
2,-,ABIVEN Oceane,As Montoise,BEF/12,1675.0,06/01/24,Cross,Championnat départemental  de cross fsgt,Bolbec,NOR,76.0,Meet,Dép,0.0,0.0
3,-,FRAT Mila,As Montoise,BEF/12,1675.0,06/01/24,Cross,Championnat départemental  de cross fsgt,Bolbec,NOR,76.0,Meet,Dép,0.0,0.0
4,-,DECULTOT Juliette,Gaccsr,BEF/12,1675.0,06/01/24,Cross,Championnat départemental  de cross fsgt,Bolbec,NOR,76.0,Meet,Dép,0.0,0.0
5,-,CLEMENT Berenice,Ca Cauchois,BEF/11,1675.0,06/01/24,Cross,Championnat départemental  de cross fsgt,Bolbec,NOR,76.0,Meet,Dép,0.0,0.0
6,-,CHAUVIDON Julia,Gaccsr,BEF/11,1675.0,06/01/24,Cross,Championnat départemental  de cross fsgt,Bolbec,NOR,76.0,Meet,Dép,0.0,0.0
2,5'25'',BICHEREL Eliott,Ca Cauchois,POM/13,1125.0,06/01/24,Cross,Championnat départemental  de cross fsgt,Bolbec,NOR,76.0,Meet,Dép,5.416666666666667,12.461538461538462
3,5'33'',ABIVEN Leane,As Montoise,POF/14,1125.0,06/01/24,Cross,Championnat départemental  de cross fsgt,Bolbec,NOR,76.0,Meet,Dép,5.55,12.162162162162163
4,5'40'',DANET Sacha,Gaccsr,POM/14,1125.0,06/01/24,Cross,Championnat départemental  de cross fsgt,Bolbec,NOR,76.0,Meet,Dép,5.666666666666667,11.911764705882351
5,5'44'',GREVRENT Martin,As Montoise,POM/14,1125.0,06/01/24,Cross,Championnat départemental  de cross fsgt,Bolbec,NOR,76.0,Meet,Dép,5.733333333333333,11.773255813953488
6,7'10'',FLAMBARD Lea,Gaccsr,POF/14,1125.0,06/01/24,Cross,Championnat départemental  de cross fsgt,Bolbec,NOR,76.0,Meet,Dép,7.166666666666667,9.41860465116279
7,7'43'',CHAUVIDON Maria,Gaccsr,POF/14,1125.0,06/01/24,Cross,Championnat départemental  de cross fsgt,Bolbec,NOR,76.0,Meet,Dép,7.716666666666667,8.74730021598272
8,7'56'',BONNEAU Elsa,Gaccsr,POF/14,1125.0,06/01/24,Cross,Championnat départemental  de cross fsgt,Bolbec,NOR,76.0,Meet,Dép,7.933333333333334,8.508403361344538
1,12'23'',CUVILLIER Romain,Cahors A,SEM/01,3350.0,06/01/24,Cross,Championnat departemental de cross country,Saint germain du bel air,OCC,46.0,Meet,Dép,12.383333333333333,16.23149394347241
2,13'41'',MAURY Sebastien,Cahors A,M2M/78,3350.0,06/01/24,Cross,Championnat departemental de cross country,Saint germain du bel air,OCC,46.0,Meet,Dép,13.683333333333334,14.68940316686967
3,14'22'',CROS-GRANET Romane,Sporting Club Gourdon Athletis,JUF/05,3350.0,06/01/24,Cross,Championnat departemental de cross country,Saint germain du bel air,OCC,46.0,Meet,Dép,14.366666666666667,13.990719257540603
4,15'34'',ANDRE Julien,Cahors A,SEM/00,3350.0,06/01/24,Cross,Championnat departemental de cross country,Saint germain du bel air,OCC,46.0,Meet,Dép,15.566666666666666,12.91220556745182
HC,15'42'',PONS Emilien,Pompiers,CAM/07,3350.0,06/01/24,Cross,Championnat departemental de cross country,Saint germain du bel air,OCC,46.0,Meet,Dép,15.7,12.802547770700638
HC,16'14'',ANDRIEU MENCHI Arthur,Pompiers,CAM/07,3350.0,06/01/24,Cross,Championnat departemental de cross country,Saint germain du bel air,OCC,46.0,Meet,Dép,16.233333333333334,12.38193018480493
5,16'22'',BELLOT Vincent,Figeac Ac,SEM/96,3350.0,06/01/24,Cross,Championnat departemental de cross country,Saint germain du bel air,OCC,46.0,Meet,Dép,16.366666666666667,12.281059063136457
HC,16'41'',PATERNE Valentin,,JUM/06,3350.0,06/01/24,Cross,Championnat departemental de cross country,Saint germain du bel air,OCC,46.0,Meet,Dép,16.683333333333334,12.047952047952048
6,16'52'',BERTRAND Thomas,Ac Gigouzac Saint Germain,M2M/79,3350.0,06/01/24,Cross,Championnat departemental de cross country,Saint germain du bel air,OCC,46.0,Meet,Dép,16.866666666666667,11.916996047430828
HC,17'12'',TIHY Hugo,Pompiers,CAM/08,3350.0,06/01/24,Cross,Championnat departemental de cross country,Saint germain du bel air,OCC,46.0,Meet,Dép,17.2,11.686046511627907
HC,17'47'',DELSAHUT Noah,Pompiers,CAM/08,3350.0,06/01/24,Cross,Championnat departemental de cross country,Saint germain du bel air,OCC,46.0,Meet,Dép,17.783333333333335,11.302717900656043
HC,18'08'',CHASSAGNAC Enzo,,JUM/06,3350.0,06/01/24,Cross,Championnat departemental de cross country,Saint germain du bel air,OCC,46.0,Meet,Dép,18.133333333333333,11.084558823529411
HC,18'14'',GOUABAULT Mathias,Pompiers,CAM/07,3350.0,06/01/24,Cross,Championnat departemental de cross country,Saint germain du bel air,OCC,46.0,Meet,Dép,18.233333333333334,11.023765996343691
HC,18'30'',BOUYGUES Faustine,Pompiers,JUF/06,3350.0,06/01/24,Cross,Championnat departemental de cross country,Saint germain du bel air,OCC,46.0,Meet,Dép,18.5,10.864864864864865
7,19'02'',TRUDGETT Didier,Ac Gigouzac Saint Germain,M6M/55,3350.0,06/01/24,Cross,Championnat departemental de cross country,Saint germain du bel air,OCC,46.0,Meet,Dép,19.033333333333335,10.560420315236428
HC,19'18'',BELLANGER Kylian,Pompiers,CAM/08,3350.0,06/01/24,Cross,Championnat departemental de cross country,Saint germain du bel air,OCC,46.0,Meet,Dép,19.3,10.414507772020727
HC,19'43'',TEIXEIRA GODET Raphael,Pompiers,CAM/08,3350.0,06/01/24,Cross,Championnat departemental de cross country,Saint germain du bel air,OCC,46.0,Meet,Dép,19.716666666666665,10.194420963651734
8,20'00'',CERTHOUX Michel,Ac Gigouzac Saint Germain,M7M/52,3350.0,06/01/24,Cross,Championnat departemental de cross country,Saint germain du bel air,OCC,46.0,Meet,Dép,20.0,10.05
HC,21'04'',ZANETTI Marc Antoine,Pompiers,CAM/08,3350.0,06/01/24,Cross,Championnat departemental de cross country,Saint germain du bel air,OCC,46.0,Meet,Dép,21.066666666666666,9.541139240506329
HC,22'35'',BRUZI Nathan,Pompiers,CAM/07,3350.0,06/01/24,Cross,Championnat departemental de cross country,Saint germain du bel air,OCC,46.0,Meet,Dép,22.583333333333332,8.900369003690038
HC,29'44'',GASPAR Clara,Pompiers,JUF/06,3350.0,06/01/24,Cross,Championnat departemental de cross country,Saint germain du bel air,OCC,46.0,Meet,Dép,29.733333333333334,6.760089686098654
HC,29'59'',LASFARGUES Emmy,Pompiers,JUF/06,3350.0,06/01/24,Cross,Championnat departemental de cross country,Saint germain du bel air,OCC,46.0,Meet,Dép,29.983333333333334,6.70372429127293
1,5'06'',CHODJAI ROBIN Marion,Figeac Ac,POF/14,1080.0,06/01/24,Cross,Championnat departemental de cross country,Saint germain du bel air,OCC,46.0,Meet,Dép,5.1,12.70588235294118
HC,5'50'',CUJUS Lisa,,POF/13,1080.0,06/01/24,Cross,Championnat departemental de cross country,Saint germain du bel air,OCC,46.0,Meet,Dép,5.833333333333333,11.108571428571429
2,6'19'',MAURY Axelle,Cahors A,POF/14,1080.0,06/01/24,Cross,Championnat departemental de cross country,Saint germain du bel air,OCC,46.0,Meet,Dép,6.316666666666666,10.258575197889183
3,7'20'',TARIN Louna,Sporting Club Gourdon Athletis,POF/14,1080.0,06/01/24,Cross,Championnat departemental de cross country,Saint germain du bel air,OCC,46.0,Meet,Dép,7.333333333333333,8.836363636363638
HC,4'45'',FRERY Younes,S/l Stade Villeneuve-sur-lot,POM/14,1080.0,06/01/24,Cross,Championnat departemental de cross country,Saint germain du bel air,OCC,46.0,Meet,Dép,4.75,13.642105263157896
1,4'52'',GALLEZ Johan,Figeac Ac,POM/14,1080.0,06/01/24,Cross,Championnat departemental de cross country,Saint germain du bel air,OCC,46.0,Meet,Dép,4.866666666666667,13.315068493150685
2,4'55'',BRAULT Lucas,Ac Gigouzac Saint Germain,POM/14,1080.0,06/01/24,Cross,Championnat departemental de cross country,Saint germain du bel air,OCC,46.0,Meet,Dép,4.916666666666667,13.179661016949153
3,5'03'',LESPINASSE Theo,Ac Gigouzac Saint Germain,POM/13,1080.0,06/01/24,Cross,Championnat departemental de cross country,Saint germain du bel air,OCC,46.0,Meet,Dép,5.05,12.831683168316832
HC,5'11'',CALLES Esteban,,POM/14,1080.0,06/01/24,Cross,Championnat departemental de cross country,Saint germain du bel air,OCC,46.0,Meet,Dép,5.183333333333334,12.501607717041802
4,5'15'',LE LEZ Louis,Sporting Club Gourdon Athletis,POM/14,1080.0,06/01/24,Cross,Championnat departemental de cross country,Saint germain du bel air,OCC,46.0,Meet,Dép,5.25,12.342857142857145
5,5'18'',BARBIER FAGES Lucien,Figeac Ac,POM/13,1080.0,06/01/24,Cross,Championnat departemental de cross country,Saint germain du bel air,OCC,46.0,Meet,Dép,5.3,12.226415094339623
HC,5'21'',DIOP Chab,,POM/13,1080.0,06/01/24,Cross,Championnat departemental de cross country,Saint germain du bel air,OCC,46.0,Meet,Dép,5.35,12.112149532710282
6,5'25'',GENNESON-BATHEROSSE Aubin,Sporting Club Gourdon Athletis,POM/14,1080.0,06/01/24,Cross,Championnat departemental de cross country,Saint germain du bel air,OCC,46.0,Meet,Dép,5.416666666666667,11.963076923076924
7,5'25'',LEKHAL Rayyan,Figeac Ac,POM/14,1080.0,06/01/24,Cross,Championnat departemental de cross country,Saint germain du bel air,OCC,46.0,Meet,Dép,5.416666666666667,11.963076923076924
8,5'32'',COURTIOL Mathieu,Ac Gigouzac Saint Germain,POM/14,1080.0,06/01/24,Cross,Championnat departemental de cross country,Saint germain du bel air,OCC,46.0,Meet,Dép,5.533333333333333,11.710843373493978
9,5'40'',LONG LEMAUFF Leo,Ac Gigouzac Saint Germain,POM/14,1080.0,06/01/24,Cross,Championnat departemental de cross country,Saint germain du bel air,OCC,46.0,Meet,Dép,5.666666666666667,11.435294117647059
10,5'46'',CHIVE Antoine,Cahors A,POM/13,1080.0,06/01/24,Cross,Championnat departemental de cross country,Saint germain du bel air,OCC,46.0,Meet,Dép,5.766666666666667,11.23699421965318
1,12'33'',CUJUS Tom,Cahors A,BEM/11,2560.0,06/01/24,Cross,Championnat departemental de cross country,Saint germain du bel air,OCC,46.0,Meet,Dép,12.55,12.239043824701195
2,12'36'',MAUREL Valentin,Cahors A,BEM/12,2560.0,06/01/24,Cross,Championnat departemental de cross country,Saint germain du bel air,OCC,46.0,Meet,Dép,12.6,12.190476190476192
3,12'50'',CHODJAI ROBIN Estelle,Figeac Ac,MIF/09,2560.0,06/01/24,Cross,Championnat departemental de cross country,Saint germain du bel air,OCC,46.0,Meet,Dép,12.833333333333334,11.968831168831167
4,12'57'',CALMETTES Aelis,Figeac Ac,MIF/10,2560.0,06/01/24,Cross,Championnat departemental de cross country,Saint germain du bel air,OCC,46.0,Meet,Dép,12.95,11.861003861003862
5,13'03'',HAMONET  Robin,Sporting Club Gourdon Athletis,BEM/12,2560.0,06/01/24,Cross,Championnat departemental de cross country,Saint germain du bel air,OCC,46.0,Meet,Dép,13.05,11.770114942528735
HC,13'14'',DIOP Aiden,,BEM/11,2560.0,06/01/24,Cross,Championnat departemental de cross country,Saint germain du bel air,OCC,46.0,Meet,Dép,13.233333333333333,11.607052896725442
6,13'40'',PERFETTINI Noah,Cahors A,BEM/11,2560.0,06/01/24,Cross,Championnat departemental de cross country,Saint germain du bel air,OCC,46.0,Meet,Dép,13.666666666666666,11.239024390243904
7,13'52'',BOURGEOIS Julie,Cahors A,MIF/09,2560.0,06/01/24,Cross,Championnat departemental de cross country,Saint germain du bel air,OCC,46.0,Meet,Dép,13.866666666666667,11.076923076923077
8,14'01'',MERIT Clea,Cahors A,MIF/09,2560.0,06/01/24,Cross,Championnat departemental de cross country,Saint germain du bel air,OCC,46.0,Meet,Dép,14.016666666666667,10.958382877526754
9,14'02'',LEKHAL Salaheddine,Figeac Ac,BEM/12,2560.0,06/01/24,Cross,Championnat departemental de cross country,Saint germain du bel air,OCC,46.0,Meet,Dép,14.033333333333333,10.945368171021377
HC,14'04'',COLDEFY Remy,,BEM/12,2560.0,06/01/24,Cross,Championnat departemental de cross country,Saint germain du bel air,OCC,46.0,Meet,Dép,14.066666666666666,10.919431279620854
10,15'16'',VUILLAUME Lisa,Sporting Club Gourdon Athletis,MIF/10,2560.0,06/01/24,Cross,Championnat departemental de cross country,Saint germain du bel air,OCC,46.0,Meet,Dép,15.266666666666667,10.061135371179038
HC,16'24'',LAFON Amelie,,MIF/09,2560.0,06/01/24,Cross,Championnat departemental de cross country,Saint germain du bel air,OCC,46.0,Meet,Dép,16.4,9.365853658536587
HC,18'30'',KAING Jade,Pompiers,MIF/09,2560.0,06/01/24,Cross,Championnat departemental de cross country,Saint germain du bel air,OCC,46.0,Meet,Dép,18.5,8.302702702702703
HC,18'30'',MAZOUZ Maina,Pompiers,MIF/10,2560.0,06/01/24,Cross,Championnat departemental de cross country,Saint germain du bel air,OCC,46.0,Meet,Dép,18.5,8.302702702702703
HC,12'53'',BOUSSAC Charlotte,S/l Club Athletique Caussadais,BEF/12,2560.0,06/01/24,Cross,Championnat departemental de cross country,Saint germain du bel air,OCC,46.0,Meet,Dép,12.883333333333333,11.922380336351877
1,12'54'',DEBRUN Juliette,Cahors A,BEF/12,2560.0,06/01/24,Cross,Championnat departemental de cross country,Saint germain du bel air,OCC,46.0,Meet,Dép,12.9,11.906976744186046
2,13'35'',TROUCHE Louise,Figeac Ac,BEF/11,2560.0,06/01/24,Cross,Championnat departemental de cross country,Saint germain du bel air,OCC,46.0,Meet,Dép,13.583333333333334,11.3079754601227
3,14'09'',JOHNSON Jade,Figeac Ac,BEF/12,2560.0,06/01/24,Cross,Championnat departemental de cross country,Saint germain du bel air,OCC,46.0,Meet,Dép,14.15,10.855123674911662
4,14'23'',MAURY Roxane,Cahors A,BEF/11,2560.0,06/01/24,Cross,Championnat departemental de cross country,Saint germain du bel air,OCC,46.0,Meet,Dép,14.383333333333333,10.679026651216686
5,14'31'',GAUCHER Elea,Figeac Ac,BEF/12,2560.0,06/01/24,Cross,Championnat departemental de cross country,Saint germain du bel air,OCC,46.0,Meet,Dép,14.516666666666667,10.580941446613087
6,14'39'',BERTRAND Garance,Ac Gigouzac Saint Germain,BEF/11,2560.0,06/01/24,Cross,Championnat departemental de cross country,Saint germain du bel air,OCC,46.0,Meet,Dép,14.65,10.484641638225256
7,14'44'',LAPOTRE Juliette,Cahors A,BEF/12,2560.0,06/01/24,Cross,Championnat departemental de cross country,Saint germain du bel air,OCC,46.0,Meet,Dép,14.733333333333333,10.425339366515837
8,15'59'',FRAYSSI Coline,Ac Gigouzac Saint Germain,BEF/11,2560.0,06/01/24,Cross,Championnat departemental de cross country,Saint germain du bel air,OCC,46.0,Meet,Dép,15.983333333333333,9.610010427528676
9,16'01'',BRU Cloe,Sporting Club Gourdon Athletis,BEF/12,2560.0,06/01/24,Cross,Championnat departemental de cross country,Saint germain du bel air,OCC,46.0,Meet,Dép,16.016666666666666,9.590010405827265
1,14'44'',BERTRAND Marius,Ac Gigouzac Saint Germain,MIM/09,3350.0,06/01/24,Cross,Championnat departemental de cross country,Saint germain du bel air,OCC,46.0,Meet,Dép,14.733333333333333,13.642533936651585
HC,14'52'',DEILHES Hugo,Pompiers,MIM/09,3350.0,06/01/24,Cross,Championnat departemental de cross country,Saint germain du bel air,OCC,46.0,Meet,Dép,14.866666666666667,13.520179372197308
HC,14'55'',COURTIOL Raphael,,MIM/10,3350.0,06/01/24,Cross,Championnat departemental de cross country,Saint germain du bel air,OCC,46.0,Meet,Dép,14.916666666666666,13.474860335195533
2,15'00'',RICHARD Noe,Figeac Ac,MIM/09,3350.0,06/01/24,Cross,Championnat departemental de cross country,Saint germain du bel air,OCC,46.0,Meet,Dép,15.0,13.4
HC,15'07'',LEJEUNE Juliette,Pompiers,CAF/07,3350.0,06/01/24,Cross,Championnat departemental de cross country,Saint germain du bel air,OCC,46.0,Meet,Dép,15.116666666666667,13.296582138919513
3,16'13'',MARTY Arthur,Ac Gigouzac Saint Germain,MIM/09,3350.0,06/01/24,Cross,Championnat departemental de cross country,Saint germain du bel air,OCC,46.0,Meet,Dép,16.216666666666665,12.394655704008224
HC,16'19'',BESSIERES Helio,,MIM/10,3350.0,06/01/24,Cross,Championnat departemental de cross country,Saint germain du bel air,OCC,46.0,Meet,Dép,16.316666666666666,12.318692543411645
4,16'54'',BAUDRIT Nolan,Ac Gigouzac Saint Germain,MIM/09,3350.0,06/01/24,Cross,Championnat departemental de cross country,Saint germain du bel air,OCC,46.0,Meet,Dép,16.9,11.893491124260358
5,16'59'',PHILIPPE BLASIN Leelou,Cahors A,CAF/08,3350.0,06/01/24,Cross,Championnat departemental de cross country,Saint germain du bel air,OCC,46.0,Meet,Dép,16.983333333333334,11.8351324828263
6,17'49'',MILHAVET Mathieu,Figeac Ac,MIM/10,3350.0,06/01/24,Cross,Championnat departemental de cross country,Saint germain du bel air,OCC,46.0,Meet,Dép,17.816666666666666,11.28157156220767
7,18'01'',DOS SANTOS Jules,Sporting Club Gourdon Athletis,MIM/10,3350.0,06/01/24,Cross,Championnat departemental de cross country,Saint germain du bel air,OCC,46.0,Meet,Dép,18.016666666666666,11.156336725254395
HC,18'21'',CONTIVAL Elina,Pompiers,CAF/08,3350.0,06/01/24,Cross,Championnat departemental de cross country,Saint germain du bel air,OCC,46.0,Meet,Dép,18.35,10.953678474114442
8,18'41'',GUENEGO Sarah,Sporting Club Gourdon Athletis,CAF/07,3350.0,06/01/24,Cross,Championnat departemental de cross country,Saint germain du bel air,OCC,46.0,Meet,Dép,18.683333333333334,10.758251561106155
HC,19'11'',LALAQUE Guilliann,Pompiers,MIM/09,3350.0,06/01/24,Cross,Championnat departemental de cross country,Saint germain du bel air,OCC,46.0,Meet,Dép,19.183333333333334,10.477845351867941
HC,20'51'',JARDIDT Mateo,Pompiers,MIM/09,3350.0,06/01/24,Cross,Championnat departemental de cross country,Saint germain du bel air,OCC,46.0,Meet,Dép,20.85,9.640287769784171
9,20'58'',IMBERT Fernand,Ac Gigouzac Saint Germain,MIM/10,3350.0,06/01/24,Cross,Championnat departemental de cross country,Saint germain du bel air,OCC,46.0,Meet,Dép,20.966666666666665,9.586645468998412
HC,21'45'',MOYART Jade,Pompiers,CAF/08,3350.0,06/01/24,Cross,Championnat departemental de cross country,Saint germain du bel air,OCC,46.0,Meet,Dép,21.75,9.241379310344827
HC,21'50'',FRAYSSINET Mathis,Pompiers,MIM/09,3350.0,06/01/24,Cross,Championnat departemental de cross country,Saint germain du bel air,OCC,46.0,Meet,Dép,21.833333333333332,9.206106870229009
HC,23'53'',JACOB Jade,Pompiers,CAF/08,3350.0,06/01/24,Cross,Championnat departemental de cross country,Saint germain du bel air,OCC,46.0,Meet,Dép,23.883333333333333,8.415910676901605
HC,24'01'',ROUZIER Timothe,Pompiers,MIM/10,3350.0,06/01/24,Cross,Championnat departemental de cross country,Saint germain du bel air,OCC,46.0,Meet,Dép,24.016666666666666,8.369188063844552
HC,25'56'',LASFARGUES Chloe,Pompiers,CAF/07,3350.0,06/01/24,Cross,Championnat departemental de cross country,Saint germain du bel air,OCC,46.0,Meet,Dép,25.933333333333334,7.750642673521851
HC,26'55'',LEPORC Clarisse,Pompiers,CAF/07,3350.0,06/01/24,Cross,Championnat departemental de cross country,Saint germain du bel air,OCC,46.0,Meet,Dép,26.916666666666668,7.46749226006192
HC,27'06'',CHENE Dorian,Pompiers,MIM/09,3350.0,06/01/24,Cross,Championnat departemental de cross country,Saint germain du bel air,OCC,46.0,Meet,Dép,27.1,7.416974169741697
HC,21'53'',CHADOUTEAU Loreano,Pompiers,JUM/06,4935.0,06/01/24,Cross,Championnat departemental de cross country,Saint germain du bel air,OCC,46.0,Meet,Dép,21.883333333333333,13.53084539223153
HC,22'28'',RODRIGUES Jules,Pompiers,JUM/06,4935.0,06/01/24,Cross,Championnat departemental de cross country,Saint germain du bel air,OCC,46.0,Meet,Dép,22.466666666666665,13.179525222551929
1,23'49'',SAMMUT Magali,S/l Saint-cere Athletisme Club,M1F/80,4935.0,06/01/24,Cross,Championnat departemental de cross country,Saint germain du bel air,OCC,46.0,Meet,Dép,23.816666666666666,12.432470258922322
2,23'50'',COLMAR Caroline,S/l Saint-cere Athletisme Club,M5F/63,4935.0,06/01/24,Cross,Championnat departemental de cross country,Saint germain du bel air,OCC,46.0,Meet,Dép,23.833333333333332,12.423776223776224
3,25'01'',DELBUT Celine,Ac Gigouzac Saint Germain,SEF/90,4935.0,06/01/24,Cross,Championnat departemental de cross country,Saint germain du bel air,OCC,46.0,Meet,Dép,25.016666666666666,11.836109260493004
4,25'22'',BOTTREAU Isabelle,Ac Gigouzac Saint Germain,M3F/72,4935.0,06/01/24,Cross,Championnat departemental de cross country,Saint germain du bel air,OCC,46.0,Meet,Dép,25.366666666666667,11.672798948751641
5,25'48'',VIGUIE Florence,S/l Saint-cere Athletisme Club,M4F/68,4935.0,06/01/24,Cross,Championnat departemental de cross country,Saint germain du bel air,OCC,46.0,Meet,Dép,25.8,11.476744186046512
HC,26'25'',LAPOTRE Antoinette,Cahors A,M1F/81,4935.0,06/01/24,Cross,Championnat departemental de cross country,Saint germain du bel air,OCC,46.0,Meet,Dép,26.416666666666668,11.208832807570976
6,26'35'',BELLICAULT Emmanuelle,Ac Gigouzac Saint Germain,M0F/89,4935.0,06/01/24,Cross,Championnat departemental de cross country,Saint germain du bel air,OCC,46.0,Meet,Dép,26.583333333333332,11.138557993730407
7,26'54'',PEYRATOUT Maelle,S/l Saint-cere Athletisme Club,SEF/94,4935.0,06/01/24,Cross,Championnat departemental de cross country,Saint germain du bel air,OCC,46.0,Meet,Dép,26.9,11.007434944237918
8,27'22'',PAUZIE Maryline,S/l Saint-cere Athletisme Club,M5F/64,4935.0,06/01/24,Cross,Championnat departemental de cross country,Saint germain du bel air,OCC,46.0,Meet,Dép,27.366666666666667,10.81973203410475
9,27'35'',MUSCAT Marlene,Athle 46,M0F/87,4935.0,06/01/24,Cross,Championnat departemental de cross country,Saint germain du bel air,OCC,46.0,Meet,Dép,27.583333333333332,10.734743202416919
10,28'00'',VAYSSE Julie,Athle 46,M0F/89,4935.0,06/01/24,Cross,Championnat departemental de cross country,Saint germain du bel air,OCC,46.0,Meet,Dép,28.0,10.575
11,28'04'',BONAFE Laetitia,Saint-cere Athletisme Club*,M1F/84,4935.0,06/01/24,Cross,Championnat departemental de cross country,Saint germain du bel air,OCC,46.0,Meet,Dép,28.066666666666666,10.549881235154393
12,28'21'',LAMICHE Coralie,Athle 46,M1F/84,4935.0,06/01/24,Cross,Championnat departemental de cross country,Saint germain du bel air,OCC,46.0,Meet,Dép,28.35,10.444444444444443
HC,29'28'',LEJEUNE Anne Sophie,Pompiers,M1F/80,4935.0,06/01/24,Cross,Championnat departemental de cross country,Saint germain du bel air,OCC,46.0,Meet,Dép,29.466666666666665,10.04864253393665
HC,30'16'',IMBERT Fanny,,M2F/79,4935.0,06/01/24,Cross,Championnat departemental de cross country,Saint germain du bel air,OCC,46.0,Meet,Dép,30.266666666666666,9.783039647577091
HC,31'00'',HEREIL Agnes,Pompiers,M2F/78,4935.0,06/01/24,Cross,Championnat departemental de cross country,Saint germain du bel air,OCC,46.0,Meet,Dép,31.0,9.551612903225804
13,32'40'',DUJARDIN Coralie,Ac Gigouzac Saint Germain,M2F/79,4935.0,06/01/24,Cross,Championnat departemental de cross country,Saint germain du bel air,OCC,46.0,Meet,Dép,32.666666666666664,9.064285714285715
14,32'41'',PAVARD Ghislaine,Ac Gigouzac Saint Germain,M6F/56,4935.0,06/01/24,Cross,Championnat departemental de cross country,Saint germain du bel air,OCC,46.0,Meet,Dép,32.68333333333333,9.059663437021927
HC,33'12'',LAVAYSSE Matheo,Pompiers,JUM/06,4935.0,06/01/24,Cross,Championnat departemental de cross country,Saint germain du bel air,OCC,46.0,Meet,Dép,33.2,8.91867469879518
HC,33'13'',DOUSSET Stephanie,Pompiers,M0F/88,4935.0,06/01/24,Cross,Championnat departemental de cross country,Saint germain du bel air,OCC,46.0,Meet,Dép,33.21666666666667,8.91419969894631
15,34'44'',BALBARIE Isabelle,Saint-cere Athletisme Club*,M2F/77,4935.0,06/01/24,Cross,Championnat departemental de cross country,Saint germain du bel air,OCC,46.0,Meet,Dép,34.733333333333334,8.524952015355085
HC,35'13'',MARSIS Celia,Pompiers,ESF/03,4935.0,06/01/24,Cross,Championnat departemental de cross country,Saint germain du bel air,OCC,46.0,Meet,Dép,35.21666666666667,8.407950780880263
16,35'14'',LUCAS Oriane,Saint-cere Athletisme Club*,SEF/92,4935.0,06/01/24,Cross,Championnat departemental de cross country,Saint germain du bel air,OCC,46.0,Meet,Dép,35.233333333333334,8.403973509933774
HC,35'21'',MAGRY Patrick,Pompiers,M3M/73,4935.0,06/01/24,Cross,Championnat departemental de cross country,Saint germain du bel air,OCC,46.0,Meet,Dép,35.35,8.376237623762375
HC,36'39'',BOUYSSOU Fanny,Pompiers,SEF/91,4935.0,06/01/24,Cross,Championnat departemental de cross country,Saint germain du bel air,OCC,46.0,Meet,Dép,36.65,8.07912687585266
17,36'44'',PONTHIER Carine,Athle 46,M2F/76,4935.0,06/01/24,Cross,Championnat departemental de cross country,Saint germain du bel air,OCC,46.0,Meet,Dép,36.733333333333334,8.060798548094374
18,36'44'',LASFARGUES Caroline,Athle 46,M2F/76,4935.0,06/01/24,Cross,Championnat departemental de cross country,Saint germain du bel air,OCC,46.0,Meet,Dép,36.733333333333334,8.060798548094374
HC,42'11'',LAFAGE Audrey,Pompiers,SEF/94,4935.0,06/01/24,Cross,Championnat departemental de cross country,Saint germain du bel air,OCC,46.0,Meet,Dép,42.18333333333333,7.0193599367838795
HC,49'26'',BLATY Sophie,Pompiers,M3F/73,4935.0,06/01/24,Cross,Championnat departemental de cross country,Saint germain du bel air,OCC,46.0,Meet,Dép,49.43333333333333,5.989885367498315
1,30'37'',CUVILLIER Romain,Cahors A,SEM/01,8090.0,06/01/24,Cross,Championnat departemental de cross country,Saint germain du bel air,OCC,46.0,Meet,Dép,30.616666666666667,15.854109961894391
HC,30'38'',ROUX Arthur,,SEM/97,8090.0,06/01/24,Cross,Championnat departemental de cross country,Saint germain du bel air,OCC,46.0,Meet,Dép,30.633333333333333,15.845484221980414
HC,31'22'',DECREMPS Enzo,Pompiers,ESM/04,8090.0,06/01/24,Cross,Championnat departemental de cross country,Saint germain du bel air,OCC,46.0,Meet,Dép,31.366666666666667,15.475026567481402
2,31'42'',DELPY Fabien,Ac Gigouzac Saint Germain,M0M/86,8090.0,06/01/24,Cross,Championnat departemental de cross country,Saint germain du bel air,OCC,46.0,Meet,Dép,31.7,15.31230283911672
3,31'48'',COLOMBO Mathieu,S/l Saint-cere Athletisme Club,SEM/96,8090.0,06/01/24,Cross,Championnat departemental de cross country,Saint germain du bel air,OCC,46.0,Meet,Dép,31.8,15.264150943396226
4,32'16'',GREIN Clement,S/l Saint-cere Athletisme Club,SEM/91,8090.0,06/01/24,Cross,Championnat departemental de cross country,Saint germain du bel air,OCC,46.0,Meet,Dép,32.266666666666666,15.043388429752065
5,32'31'',CALLES Joris,Ac Gigouzac Saint Germain,M0M/87,8090.0,06/01/24,Cross,Championnat departemental de cross country,Saint germain du bel air,OCC,46.0,Meet,Dép,32.516666666666666,14.927729369554074
HC,32'33'',FEROLDI Sophia,,SEM/94,8090.0,06/01/24,Cross,Championnat departemental de cross country,Saint germain du bel air,OCC,46.0,Meet,Dép,32.55,14.912442396313365
HC,32'55'',MARQUIS Patrice,S/l Monflanquin Athletic Club,M3M/72,8090.0,06/01/24,Cross,Championnat departemental de cross country,Saint germain du bel air,OCC,46.0,Meet,Dép,32.916666666666664,14.746329113924052
6,33'08'',BACHELOT Erwan,S/l Saint-cere Athletisme Club,M1M/84,8090.0,06/01/24,Cross,Championnat departemental de cross country,Saint germain du bel air,OCC,46.0,Meet,Dép,33.13333333333333,14.64989939637827
7,33'26'',BARTHEZ Yoann,Ac Gigouzac Saint Germain,M1M/82,8090.0,06/01/24,Cross,Championnat departemental de cross country,Saint germain du bel air,OCC,46.0,Meet,Dép,33.43333333333333,14.518444666001995
HC,34'16'',BEUVIN Jeremy,S/l Monflanquin Athletic Club,SEM/94,8090.0,06/01/24,Cross,Championnat departemental de cross country,Saint germain du bel air,OCC,46.0,Meet,Dép,34.266666666666666,14.165369649805447
8,34'36'',PAUZIE Daniel,S/l Saint-cere Athletisme Club,M4M/65,8090.0,06/01/24,Cross,Championnat departemental de cross country,Saint germain du bel air,OCC,46.0,Meet,Dép,34.6,14.028901734104046
9,34'51'',LALLOUETTE Regis,Athle 46,M3M/72,8090.0,06/01/24,Cross,Championnat departemental de cross country,Saint germain du bel air,OCC,46.0,Meet,Dép,34.85,13.928263988522238
10,34'57'',TOUCAS Fabien,Athle 46,M2M/79,8090.0,06/01/24,Cross,Championnat departemental de cross country,Saint germain du bel air,OCC,46.0,Meet,Dép,34.95,13.888412017167381
HC,35'57'',PONS Louis,,SEM/93,8090.0,06/01/24,Cross,Championnat departemental de cross country,Saint germain du bel air,OCC,46.0,Meet,Dép,35.95,13.502086230876214
11,36'03'',ROUSSEL Paul,Cahors A,ESM/03,8090.0,06/01/24,Cross,Championnat departemental de cross country,Saint germain du bel air,OCC,46.0,Meet,Dép,36.05,13.464632454923716
12,37'21'',BLAIN Pierre-Louis,S/l Saint-cere Athletisme Club,SEM/91,8090.0,06/01/24,Cross,Championnat departemental de cross country,Saint germain du bel air,OCC,46.0,Meet,Dép,37.35,12.99598393574297
HC,37'22'',ROUCHON Alexandre,Pompiers,M0M/87,8090.0,06/01/24,Cross,Championnat departemental de cross country,Saint germain du bel air,OCC,46.0,Meet,Dép,37.36666666666667,12.990187332738627
13,37'23'',BOCCARA Antonin,Saint-cere Athletisme Club*,SEM/92,8090.0,06/01/24,Cross,Championnat departemental de cross country,Saint germain du bel air,OCC,46.0,Meet,Dép,37.38333333333333,12.984395898350423
14,37'25'',SOUILLE Ronan,Ac Gigouzac Saint Germain,M1M/82,8090.0,06/01/24,Cross,Championnat departemental de cross country,Saint germain du bel air,OCC,46.0,Meet,Dép,37.416666666666664,12.9728285077951
15,37'42'',FOURNIAL Christophe,Cahors A,M0M/87,8090.0,06/01/24,Cross,Championnat departemental de cross country,Saint germain du bel air,OCC,46.0,Meet,Dép,37.7,12.875331564986736
HC,37'43'',RAMBIE Damien,,SEM/91,8090.0,06/01/24,Cross,Championnat departemental de cross country,Saint germain du bel air,OCC,46.0,Meet,Dép,37.71666666666667,12.86964206805126
HC,38'11'',PATERNE Michel,,M5M/60,8090.0,06/01/24,Cross,Championnat departemental de cross country,Saint germain du bel air,OCC,46.0,Meet,Dép,38.18333333333333,12.712352684417286
16,38'27'',CALLES Philippe,Ac Gigouzac Saint Germain,M3M/72,8090.0,06/01/24,Cross,Championnat departemental de cross country,Saint germain du bel air,OCC,46.0,Meet,Dép,38.45,12.624187256176851
17,38'30'',FRAYSSI Nicolas,Ac Gigouzac Saint Germain,M2M/78,8090.0,06/01/24,Cross,Championnat departemental de cross country,Saint germain du bel air,OCC,46.0,Meet,Dép,38.5,12.607792207792206
HC,38'47'',DEJOU Pierre,Pompiers,SEM/98,8090.0,06/01/24,Cross,Championnat departemental de cross country,Saint germain du bel air,OCC,46.0,Meet,Dép,38.78333333333333,12.51568543188655
18,39'05'',DUDON Frederic,Ac Gigouzac Saint Germain,M2M/79,8090.0,06/01/24,Cross,Championnat departemental de cross country,Saint germain du bel air,OCC,46.0,Meet,Dép,39.083333333333336,12.419616204690831
19,39'16'',GUY Stephane,Ac Gigouzac Saint Germain,M3M/72,8090.0,06/01/24,Cross,Championnat departemental de cross country,Saint germain du bel air,OCC,46.0,Meet,Dép,39.266666666666666,12.3616298811545
20,39'20'',BRAULT Gabriel,Ac Gigouzac Saint Germain,M0M/87,8090.0,06/01/24,Cross,Championnat departemental de cross country,Saint germain du bel air,OCC,46.0,Meet,Dép,39.333333333333336,12.340677966101694
HC,39'42'',BORDE Bertrand,,M1M/84,8090.0,06/01/24,Cross,Championnat departemental de cross country,Saint germain du bel air,OCC,46.0,Meet,Dép,39.7,12.226700251889167
HC,39'46'',PLANCASSAGNE Yoann,,M1M/82,8090.0,06/01/24,Cross,Championnat departemental de cross country,Saint germain du bel air,OCC,46.0,Meet,Dép,39.766666666666666,12.206202849958089
HC,39'55'',CELLIER Thibeau,Pompiers,M0M/88,8090.0,06/01/24,Cross,Championnat departemental de cross country,Saint germain du bel air,OCC,46.0,Meet,Dép,39.916666666666664,12.160334029227558
21,39'55'',LEPORC Jerome,Ac Gigouzac Saint Germain,M3M/71,8090.0,06/01/24,Cross,Championnat departemental de cross country,Saint germain du bel air,OCC,46.0,Meet,Dép,39.916666666666664,12.160334029227558
22,39'56'',ROCHELLI Jean-Noel,Athle 46,M3M/74,8090.0,06/01/24,Cross,Championnat departemental de cross country,Saint germain du bel air,OCC,46.0,Meet,Dép,39.93333333333333,12.155258764607682
23,40'33'',LE LAY Paul,Ac Gigouzac Saint Germain,M5M/63,8090.0,06/01/24,Cross,Championnat departemental de cross country,Saint germain du bel air,OCC,46.0,Meet,Dép,40.55,11.970406905055487
24,40'38'',PELTIER Sebastien,Ac Gigouzac Saint Germain,M4M/67,8090.0,06/01/24,Cross,Championnat departemental de cross country,Saint germain du bel air,OCC,46.0,Meet,Dép,40.63333333333333,11.945857260049221
HC,40'41'',NATHAN Christiano,Pompiers,M0M/88,8090.0,06/01/24,Cross,Championnat departemental de cross country,Saint germain du bel air,OCC,46.0,Meet,Dép,40.68333333333333,11.931175747644408
25,41'28'',PERIE Jean-Luc,Figeac Ac,M4M/68,8090.0,06/01/24,Cross,Championnat departemental de cross country,Saint germain du bel air,OCC,46.0,Meet,Dép,41.46666666666667,11.705787781350482
26,41'36'',LONZIEME Thierry,Athle 46,M6M/59,8090.0,06/01/24,Cross,Championnat departemental de cross country,Saint germain du bel air,OCC,46.0,Meet,Dép,41.6,11.66826923076923
27,41'38'',LASTRA Claudio,Ac Gigouzac Saint Germain,M3M/71,8090.0,06/01/24,Cross,Championnat departemental de cross country,Saint germain du bel air,OCC,46.0,Meet,Dép,41.63333333333333,11.65892714171337
28,42'10'',RAVAYROL Thierry,Ac Gigouzac Saint Germain,M4M/69,8090.0,06/01/24,Cross,Championnat departemental de cross country,Saint germain du bel air,OCC,46.0,Meet,Dép,42.166666666666664,11.511462450592886
29,42'28'',EBER Guillaume,Saint-cere Athletisme Club*,SEM/96,8090.0,06/01/24,Cross,Championnat departemental de cross country,Saint germain du bel air,OCC,46.0,Meet,Dép,42.46666666666667,11.430141287284144
30,42'29'',BOURREE Ghislain,Ac Gigouzac Saint Germain,M5M/60,8090.0,06/01/24,Cross,Championnat departemental de cross country,Saint germain du bel air,OCC,46.0,Meet,Dép,42.483333333333334,11.425657120439388
HC,42'54'',GOSSELIN Landry,Pompiers,SEM/97,8090.0,06/01/24,Cross,Championnat departemental de cross country,Saint germain du bel air,OCC,46.0,Meet,Dép,42.9,11.314685314685315
31,43'15'',CAZAGOU Patrice,Ac Gigouzac Saint Germain,M3M/70,8090.0,06/01/24,Cross,Championnat departemental de cross country,Saint germain du bel air,OCC,46.0,Meet,Dép,43.25,11.223121387283237
32,43'17'',BARRUE Max,Saint-cere Athletisme Club*,M6M/59,8090.0,06/01/24,Cross,Championnat departemental de cross country,Saint germain du bel air,OCC,46.0,Meet,Dép,43.28333333333333,11.21447824412784
HC,43'58'',LAFARGUE Bastien,Pompiers,M1M/82,8090.0,06/01/24,Cross,Championnat departemental de cross country,Saint germain du bel air,OCC,46.0,Meet,Dép,43.96666666666667,11.040181956027292
33,44'11'',SALSAC Laurent,Saint-cere Athletisme Club*,M1M/81,8090.0,06/01/24,Cross,Championnat departemental de cross country,Saint germain du bel air,OCC,46.0,Meet,Dép,44.18333333333333,10.986043002640512
HC,44'41'',SAUGER Mathieu,Pompiers,M0M/87,8090.0,06/01/24,Cross,Championnat departemental de cross country,Saint germain du bel air,OCC,46.0,Meet,Dép,44.68333333333333,10.863110779559866
34,44'54'',LE GOFF Francois,Athle 46,M4M/68,8090.0,06/01/24,Cross,Championnat departemental de cross country,Saint germain du bel air,OCC,46.0,Meet,Dép,44.9,10.810690423162583
HC,45'57'',HADJ KACI Mohand,Pompiers,M4M/68,8090.0,06/01/24,Cross,Championnat departemental de cross country,Saint germain du bel air,OCC,46.0,Meet,Dép,45.95,10.563656147986942
35,46'45'',BOUCHUD Christian,Ac Gigouzac Saint Germain,M7M/54,8090.0,06/01/24,Cross,Championnat departemental de cross country,Saint germain du bel air,OCC,46.0,Meet,Dép,46.75,10.38288770053476
HC,48'13'',LAUMONIER Francois,Pompiers,M2M/76,8090.0,06/01/24,Cross,Championnat departemental de cross country,Saint germain du bel air,OCC,46.0,Meet,Dép,48.21666666666667,10.067058416868303
HC,50'03'',LALANNE Kevin,Pompiers,SEM/93,8090.0,06/01/24,Cross,Championnat departemental de cross country,Saint germain du bel air,OCC,46.0,Meet,Dép,50.05,9.698301698301698
36,50'44'',MACK Daniel,Saint-cere Athletisme Club*,M5M/60,8090.0,06/01/24,Cross,Championnat departemental de cross country,Saint germain du bel air,OCC,46.0,Meet,Dép,50.733333333333334,9.567674113009197
HC,50'44'',DEFFREIX Yanick,Pompiers,M3M/71,8090.0,06/01/24,Cross,Championnat departemental de cross country,Saint germain du bel air,OCC,46.0,Meet,Dép,50.733333333333334,9.567674113009197
37,50'44'',ROUGIE Christian,Saint-cere Athletisme Club*,M6M/57,8090.0,06/01/24,Cross,Championnat departemental de cross country,Saint germain du bel air,OCC,46.0,Meet,Dép,50.733333333333334,9.567674113009197
HC,51'50'',PONTIER Julien,Pompiers,M1M/82,8090.0,06/01/24,Cross,Championnat departemental de cross country,Saint germain du bel air,OCC,46.0,Meet,Dép,51.833333333333336,9.364630225080385
HC,58'05'',DESPRATS Sylvain,Pompiers,M1M/83,8090.0,06/01/24,Cross,Championnat departemental de cross country,Saint germain du bel air,OCC,46.0,Meet,Dép,58.083333333333336,8.356958393113343
HC,58'05'',JAMMES Denis,Pompiers,M3M/71,8090.0,06/01/24,Cross,Championnat departemental de cross country,Saint germain du bel air,OCC,46.0,Meet,Dép,58.083333333333336,8.356958393113343
38,1h00'13'',MEZIERES Vincent,Athle 46,M3M/74,8090.0,06/01/24,Cross,Championnat departemental de cross country,Saint germain du bel air,OCC,46.0,Meet,Dép,60.21666666666667,8.06089122612787
1,14'30'',BERNARD Hugo,Gap Hautes Alpes Athletisme*,ESM/03,4852.0,06/01/24,Cross,Championnats départementaux 04 & 05 de cross,Les mees,PCA,4.0,,Dép,14.5,20.077241379310347
2,14'35'',PETIT Arthur,Gap Hautes Alpes Athletisme*,CAM/07,4852.0,06/01/24,Cross,Championnats départementaux 04 & 05 de cross,Les mees,PCA,4.0,,Dép,14.583333333333334,19.96251428571429
3,14'48'',EYME Ernest,S/l Embrun,CAM/07,4852.0,06/01/24,Cross,Championnats départementaux 04 & 05 de cross,Les mees,PCA,4.0,,Dép,14.8,19.670270270270272
4,15'03'',BOURRIN Samuel,Team Provence Endurance,CAM/07,4852.0,06/01/24,Cross,Championnats départementaux 04 & 05 de cross,Les mees,PCA,4.0,,Dép,15.05,19.343521594684386
5,15'07'',BAPTISTE Nicolas,Gap Hautes Alpes Athletisme*,SEM/95,4852.0,06/01/24,Cross,Championnats départementaux 04 & 05 de cross,Les mees,PCA,4.0,,Dép,15.116666666666667,19.25821389195149
6,15'21'',LORENTE Thomas,S/l Embrun,CAM/07,4852.0,06/01/24,Cross,Championnats départementaux 04 & 05 de cross,Les mees,PCA,4.0,,Dép,15.35,18.965472312703586
7,15'41'',LESPRILLIER Liam,S/l Trail Running Athletique C,CAM/08,4852.0,06/01/24,Cross,Championnats départementaux 04 & 05 de cross,Les mees,PCA,4.0,,Dép,15.683333333333334,18.562380446333687
8,15'44'',BOCHEREAU Romain,Ep Manosque Athletisme,CAM/07,4852.0,06/01/24,Cross,Championnats départementaux 04 & 05 de cross,Les mees,PCA,4.0,,Dép,15.733333333333333,18.50338983050848
9,15'55'',MORADELA Adrien,Ep Manosque Athletisme,CAM/07,4852.0,06/01/24,Cross,Championnats départementaux 04 & 05 de cross,Les mees,PCA,4.0,,Dép,15.916666666666666,18.290261780104714
10,16'07'',MORADELA Matthias,Ep Manosque Athletisme,CAM/07,4852.0,06/01/24,Cross,Championnats départementaux 04 & 05 de cross,Les mees,PCA,4.0,,Dép,16.116666666666667,18.063288521199585
11,16'23'',LE DORAN Tom,S/l Serre-chevalier Briancon A,CAM/07,4852.0,06/01/24,Cross,Championnats départementaux 04 & 05 de cross,Les mees,PCA,4.0,,Dép,16.383333333333333,17.769277721261446
12,16'39'',GAILLARD Christian,S/l Ca Veynes,M1M/83,4852.0,06/01/24,Cross,Championnats départementaux 04 & 05 de cross,Les mees,PCA,4.0,,Dép,16.65,17.484684684684687
HC,16'39'',LEROY Anatol,Triathlon,CAM/08,4852.0,06/01/24,Cross,Championnats départementaux 04 & 05 de cross,Les mees,PCA,4.0,,Dép,16.65,17.484684684684687
13,16'51'',FORTUNE GASPA Maxence,S/l Ca Veynes,CAM/08,4852.0,06/01/24,Cross,Championnats départementaux 04 & 05 de cross,Les mees,PCA,4.0,,Dép,16.85,17.277151335311572
14,17'11'',BELIN Mathilde,S/l Serre-chevalier Briancon A,SEF/91,4852.0,06/01/24,Cross,Championnats départementaux 04 & 05 de cross,Les mees,PCA,4.0,,Dép,17.183333333333334,16.94199806013579
15,17'43'',TAIBI MAZYGH Abdessalam (Esp),Ep Manosque Athletisme,SEM/00,4852.0,06/01/24,Cross,Championnats départementaux 04 & 05 de cross,Les mees,PCA,4.0,,Dép,17.716666666666665,16.431984948259647
16,17'51'',PENANT Louis,S/l Embrun,CAM/07,4852.0,06/01/24,Cross,Championnats départementaux 04 & 05 de cross,Les mees,PCA,4.0,,Dép,17.85,16.30924369747899
17,18'33'',MAZELIER Julie,Penitents En Durance*,M0F/86,4852.0,06/01/24,Cross,Championnats départementaux 04 & 05 de cross,Les mees,PCA,4.0,,Dép,18.55,15.693800539083558
18,18'38'',ISAMBERT Julien,S/l Trail Running Athletique C,M1M/81,4852.0,06/01/24,Cross,Championnats départementaux 04 & 05 de cross,Les mees,PCA,4.0,,Dép,18.633333333333333,15.62361359570662
19,18'48'',COULAUD Esther,S/l Trail Running Athletique C,M0F/85,4852.0,06/01/24,Cross,Championnats départementaux 04 & 05 de cross,Les mees,PCA,4.0,,Dép,18.8,15.485106382978724
20,18'53'',VITUPIER Sam,Ep Manosque Athletisme,CAM/08,4852.0,06/01/24,Cross,Championnats départementaux 04 & 05 de cross,Les mees,PCA,4.0,,Dép,18.883333333333333,15.416769638128862
21,19'04'',CORDEIRO Francisco,S/l Ca Veynes,M4M/66,4852.0,06/01/24,Cross,Championnats départementaux 04 & 05 de cross,Les mees,PCA,4.0,,Dép,19.066666666666666,15.268531468531469
22,19'11'',LE BARAZER Alexia,S/l Serre-chevalier Briancon A,JUF/06,4852.0,06/01/24,Cross,Championnats départementaux 04 & 05 de cross,Les mees,PCA,4.0,,Dép,19.183333333333334,15.175673327541269
23,19'28'',MIGIEU Emma,S/l Serre-chevalier Briancon A,JUF/06,4852.0,06/01/24,Cross,Championnats départementaux 04 & 05 de cross,Les mees,PCA,4.0,,Dép,19.466666666666665,14.954794520547948
24,19'40'',LESPRILLIER Marion,S/l Trail Running Athletique C,M1F/84,4852.0,06/01/24,Cross,Championnats départementaux 04 & 05 de cross,Les mees,PCA,4.0,,Dép,19.666666666666668,14.802711864406781
HC,20'06'',PATTYN Jules,Triathlon,CAM/08,4852.0,06/01/24,Cross,Championnats départementaux 04 & 05 de cross,Les mees,PCA,4.0,,Dép,20.1,14.48358208955224
25,20'10'',FANIA Herve,Penitents En Durance*,M2M/75,4852.0,06/01/24,Cross,Championnats départementaux 04 & 05 de cross,Les mees,PCA,4.0,,Dép,20.166666666666668,14.435702479338843
26,20'18'',HAS Yolaine,S/l Trail Running Athletique C,SEF/97,4852.0,06/01/24,Cross,Championnats départementaux 04 & 05 de cross,Les mees,PCA,4.0,,Dép,20.3,14.34088669950739
27,22'59'',HERMITTE Anne,S/l Trail Running Athletique C,M0F/86,4852.0,06/01/24,Cross,Championnats départementaux 04 & 05 de cross,Les mees,PCA,4.0,,Dép,22.983333333333334,12.666569978245105
1,9'50'',GAILLARD Laura,S/l Ca Veynes,BEF/12,2297.0,06/01/24,Cross,Championnats départementaux 04 & 05 de cross,Les mees,PCA,4.0,,Dép,9.833333333333334,14.015593220338983
2,10'17'',LEBRAS Adele,Gap Hautes Alpes Athletisme*,BEF/11,2297.0,06/01/24,Cross,Championnats départementaux 04 & 05 de cross,Les mees,PCA,4.0,,Dép,10.283333333333333,13.40226904376013
3,10'26'',AUDIER IMBERT Lili,S/l Embrun,BEF/11,2297.0,06/01/24,Cross,Championnats départementaux 04 & 05 de cross,Les mees,PCA,4.0,,Dép,10.433333333333334,13.209584664536742
4,10'34'',REVOL Celia,S/l Ca Veynes,BEF/11,2297.0,06/01/24,Cross,Championnats départementaux 04 & 05 de cross,Les mees,PCA,4.0,,Dép,10.566666666666666,13.042902208201895
5,10'40'',CARTON Eglantine,Gap Hautes Alpes Athletisme*,BEF/11,2297.0,06/01/24,Cross,Championnats départementaux 04 & 05 de cross,Les mees,PCA,4.0,,Dép,10.666666666666666,12.920625000000003
6,10'59'',MARCIEN Juliette,Gap Hautes Alpes Athletisme*,BEF/11,2297.0,06/01/24,Cross,Championnats départementaux 04 & 05 de cross,Les mees,PCA,4.0,,Dép,10.983333333333333,12.548103186646435
7,11'26'',PROUTEAU HOFFMANN Mathilde,Gap Hautes Alpes Athletisme*,BEF/11,2297.0,06/01/24,Cross,Championnats départementaux 04 & 05 de cross,Les mees,PCA,4.0,,Dép,11.433333333333334,12.054227405247813
8,11'43'',BASTIEN Victoria,Sco Ste-marguerite Marseille*,BEF/11,2297.0,06/01/24,Cross,Championnats départementaux 04 & 05 de cross,Les mees,PCA,4.0,,Dép,11.716666666666667,11.762731152204838
9,12'07'',MARCIEN Anouk,Gap Hautes Alpes Athletisme*,BEF/11,2297.0,06/01/24,Cross,Championnats départementaux 04 & 05 de cross,Les mees,PCA,4.0,,Dép,12.116666666666667,11.374415405777167
10,12'28'',BOULET CHATELAIN Filipine,S/l Trail Running Athletique C,BEF/12,2297.0,06/01/24,Cross,Championnats départementaux 04 & 05 de cross,Les mees,PCA,4.0,,Dép,12.466666666666667,11.055080213903743
11,12'34'',HOLGADO Lola,Penitents En Durance*,BEF/11,2297.0,06/01/24,Cross,Championnats départementaux 04 & 05 de cross,Les mees,PCA,4.0,,Dép,12.566666666666666,10.967108753315651
HC,16'04'',PATTYN Erin,Triathlon,BEF/11,2297.0,06/01/24,Cross,Championnats départementaux 04 & 05 de cross,Les mees,PCA,4.0,,Dép,16.066666666666666,8.578008298755186
12,16'47'',HATHROUBI Mellina,Penitents En Durance*,BEF/11,2297.0,06/01/24,Cross,Championnats départementaux 04 & 05 de cross,Les mees,PCA,4.0,,Dép,16.783333333333335,8.211717974180734
1,11'50'',PETIT Gaspard,Gap Hautes Alpes Athletisme*,MIM/10,3640.0,06/01/24,Cross,Championnats départementaux 04 & 05 de cross,Les mees,PCA,4.0,,Dép,11.833333333333334,18.456338028169014
2,11'51'',DACHER Lony,Gap Hautes Alpes Athletisme*,MIM/09,3640.0,06/01/24,Cross,Championnats départementaux 04 & 05 de cross,Les mees,PCA,4.0,,Dép,11.85,18.430379746835445
3,11'51'',NAHAL Loris,Ep Manosque Athletisme,MIM/10,3640.0,06/01/24,Cross,Championnats départementaux 04 & 05 de cross,Les mees,PCA,4.0,,Dép,11.85,18.430379746835445
4,12'12'',MARCELIS Tristan,S/l Embrun,MIM/10,3640.0,06/01/24,Cross,Championnats départementaux 04 & 05 de cross,Les mees,PCA,4.0,,Dép,12.2,17.901639344262296
5,12'16'',PAYOT Lubin,S/l Ca Veynes,MIM/10,3640.0,06/01/24,Cross,Championnats départementaux 04 & 05 de cross,Les mees,PCA,4.0,,Dép,12.266666666666667,17.804347826086957
6,12'29'',BADALYAN Andranik,S/l Ca Veynes,MIM/09,3640.0,06/01/24,Cross,Championnats départementaux 04 & 05 de cross,Les mees,PCA,4.0,,Dép,12.483333333333333,17.49532710280374
7,12'41'',LANTELME Mila,Ac Digne,CAF/07,3640.0,06/01/24,Cross,Championnats départementaux 04 & 05 de cross,Les mees,PCA,4.0,,Dép,12.683333333333334,17.21944809461235
8,12'45'',GAILLARD Joshua,S/l Ca Veynes,MIM/10,3640.0,06/01/24,Cross,Championnats départementaux 04 & 05 de cross,Les mees,PCA,4.0,,Dép,12.75,17.129411764705882
9,13'11'',ROY Mathieu,Gap Hautes Alpes Athletisme*,MIM/09,3640.0,06/01/24,Cross,Championnats départementaux 04 & 05 de cross,Les mees,PCA,4.0,,Dép,13.183333333333334,16.56637168141593
10,13'12'',FOURTEAU Anna,Ac Digne,CAF/08,3640.0,06/01/24,Cross,Championnats départementaux 04 & 05 de cross,Les mees,PCA,4.0,,Dép,13.2,16.545454545454547
11,13'14'',ICART Josephine,S/l Serre-chevalier Briancon A,CAF/08,3640.0,06/01/24,Cross,Championnats départementaux 04 & 05 de cross,Les mees,PCA,4.0,,Dép,13.233333333333333,16.50377833753149
12,13'39'',LUGARDON Lucie,Ep Manosque Athletisme,CAF/07,3640.0,06/01/24,Cross,Championnats départementaux 04 & 05 de cross,Les mees,PCA,4.0,,Dép,13.65,16.0
13,13'49'',PRIMERANO Nohan,S/l Ca Veynes,MIM/09,3640.0,06/01/24,Cross,Championnats départementaux 04 & 05 de cross,Les mees,PCA,4.0,,Dép,13.816666666666666,15.806996381182147
14,14'13'',TURIN Elise,S/l Serre-chevalier Briancon A,CAF/07,3640.0,06/01/24,Cross,Championnats départementaux 04 & 05 de cross,Les mees,PCA,4.0,,Dép,14.216666666666667,15.362250879249707
15,14'48'',TOUSSAINT Semmy,S/l Ca Veynes,MIM/10,3640.0,06/01/24,Cross,Championnats départementaux 04 & 05 de cross,Les mees,PCA,4.0,,Dép,14.8,14.756756756756756
16,14'48'',BOSSARD Myrtille,S/l Embrun,CAF/08,3640.0,06/01/24,Cross,Championnats départementaux 04 & 05 de cross,Les mees,PCA,4.0,,Dép,14.8,14.756756756756756
17,14'57'',KELTOUMI Salya,Ac Digne,CAF/07,3640.0,06/01/24,Cross,Championnats départementaux 04 & 05 de cross,Les mees,PCA,4.0,,Dép,14.95,14.608695652173914
18,15'52'',SAULNIER Isaac,S/l Ca Veynes,MIM/09,3640.0,06/01/24,Cross,Championnats départementaux 04 & 05 de cross,Les mees,PCA,4.0,,Dép,15.866666666666667,13.764705882352942
19,16'34'',MAFFREN Chloe,Ep Manosque Athletisme,CAF/07,3640.0,06/01/24,Cross,Championnats départementaux 04 & 05 de cross,Les mees,PCA,4.0,,Dép,16.566666666666666,13.183098591549298
20,17'04'',BALOGOU Lorna,Ep Manosque Athletisme,CAF/07,3640.0,06/01/24,Cross,Championnats départementaux 04 & 05 de cross,Les mees,PCA,4.0,,Dép,17.066666666666666,12.796875
21,17'34'',BRUN LECOEUCHE Lena,Sco Ste-marguerite Marseille*,CAF/08,3640.0,06/01/24,Cross,Championnats départementaux 04 & 05 de cross,Les mees,PCA,4.0,,Dép,17.566666666666666,12.432637571157496
22,18'04'',LAVOINE LASSOUTANIE Louise,S/l Embrun,CAF/08,3640.0,06/01/24,Cross,Championnats départementaux 04 & 05 de cross,Les mees,PCA,4.0,,Dép,18.066666666666666,12.088560885608857
23,25'57'',BOUDJAHFA Mohamed,S/l Athle Trail En Argentieroi,MIM/09,3640.0,06/01/24,Cross,Championnats départementaux 04 & 05 de cross,Les mees,PCA,4.0,,Dép,25.95,8.416184971098266
1,8'36'',COUTURIER Tom,Gap Hautes Alpes Athletisme*,BEM/11,2297.0,06/01/24,Cross,Championnats départementaux 04 & 05 de cross,Les mees,PCA,4.0,,Dép,8.6,16.025581395348837
2,8'39'',GAUDY Romane,S/l Ca Veynes,MIF/10,2297.0,06/01/24,Cross,Championnats départementaux 04 & 05 de cross,Les mees,PCA,4.0,,Dép,8.65,15.932947976878614
3,8'44'',COUTURIER Soren,Gap Hautes Alpes Athletisme*,BEM/11,2297.0,06/01/24,Cross,Championnats départementaux 04 & 05 de cross,Les mees,PCA,4.0,,Dép,8.733333333333333,15.780916030534353
HC,8'47'',AYASSE Mailie,Triathlon,MIF/10,2297.0,06/01/24,Cross,Championnats départementaux 04 & 05 de cross,Les mees,PCA,4.0,,Dép,8.783333333333333,15.691081593927896
HC,9'27'',GARNIER Antoine,Non Licencie(e),BEM/11,2297.0,06/01/24,Cross,Championnats départementaux 04 & 05 de cross,Les mees,PCA,4.0,,Dép,9.45,14.584126984126986
6,9'30'',GALLEGOS Ana,Gap Hautes Alpes Athletisme*,MIF/09,2297.0,06/01/24,Cross,Championnats départementaux 04 & 05 de cross,Les mees,PCA,4.0,,Dép,9.5,14.507368421052632
7,9'34'',BONNET GRUEL Clement,Sco Ste-marguerite Marseille*,BEM/11,2297.0,06/01/24,Cross,Championnats départementaux 04 & 05 de cross,Les mees,PCA,4.0,,Dép,9.566666666666666,14.406271777003486
8,9'34'',EYME Martin,S/l Embrun,BEM/12,2297.0,06/01/24,Cross,Championnats départementaux 04 & 05 de cross,Les mees,PCA,4.0,,Dép,9.566666666666666,14.406271777003486
9,10'11'',DENIS Emilio,Gap Hautes Alpes Athletisme*,BEM/12,2297.0,06/01/24,Cross,Championnats départementaux 04 & 05 de cross,Les mees,PCA,4.0,,Dép,10.183333333333334,13.533878887070378
10,10'11'',MARTIN Marie,Gap Hautes Alpes Athletisme*,MIF/09,2297.0,06/01/24,Cross,Championnats départementaux 04 & 05 de cross,Les mees,PCA,4.0,,Dép,10.183333333333334,13.533878887070378
11,10'20'',FOURNIER Lucas,Gap Hautes Alpes Athletisme*,BEM/12,2297.0,06/01/24,Cross,Championnats départementaux 04 & 05 de cross,Les mees,PCA,4.0,,Dép,10.333333333333334,13.33741935483871
12,10'31'',INGRAND Evann,Gap Hautes Alpes Athletisme*,BEM/11,2297.0,06/01/24,Cross,Championnats départementaux 04 & 05 de cross,Les mees,PCA,4.0,,Dép,10.516666666666667,13.104912836767037
13,10'31'',ISOARD Hugo,Gap Hautes Alpes Athletisme*,BEM/12,2297.0,06/01/24,Cross,Championnats départementaux 04 & 05 de cross,Les mees,PCA,4.0,,Dép,10.516666666666667,13.104912836767037
14,10'37'',DUGOUL Quentin,Sco Ste-marguerite Marseille*,BEM/12,2297.0,06/01/24,Cross,Championnats départementaux 04 & 05 de cross,Les mees,PCA,4.0,,Dép,10.616666666666667,12.981475667189953
HC,10'40'',BOULET CHATELAIN Filomene,Triathlon,MIF/10,2297.0,06/01/24,Cross,Championnats départementaux 04 & 05 de cross,Les mees,PCA,4.0,,Dép,10.666666666666666,12.920625000000003
16,10'41'',LAUDE Mael,S/l Embrun,BEM/12,2297.0,06/01/24,Cross,Championnats départementaux 04 & 05 de cross,Les mees,PCA,4.0,,Dép,10.683333333333334,12.90046801872075
17,10'51'',DEAMBRI Leon,Ac Digne,BEM/12,2297.0,06/01/24,Cross,Championnats départementaux 04 & 05 de cross,Les mees,PCA,4.0,,Dép,10.85,12.70230414746544
18,11'03'',GUYON Nolan,Ac Digne,BEM/12,2297.0,06/01/24,Cross,Championnats départementaux 04 & 05 de cross,Les mees,PCA,4.0,,Dép,11.05,12.472398190045249
19,11'04'',VERSCHEURE Raphael,Athletisme Durance Luberon Ver,BEM/11,2297.0,06/01/24,Cross,Championnats départementaux 04 & 05 de cross,Les mees,PCA,4.0,,Dép,11.066666666666666,12.453614457831327
20,11'12'',STERGOU Emilie,Sco Ste-marguerite Marseille*,MIF/09,2297.0,06/01/24,Cross,Championnats départementaux 04 & 05 de cross,Les mees,PCA,4.0,,Dép,11.2,12.305357142857146
21,11'47'',MILLON Manon,Gap Hautes Alpes Athletisme*,MIF/09,2297.0,06/01/24,Cross,Championnats départementaux 04 & 05 de cross,Les mees,PCA,4.0,,Dép,11.783333333333333,11.696181046676097
22,11'59'',GUGLIOTTA Maeva,S/l Ca Veynes,MIF/10,2297.0,06/01/24,Cross,Championnats départementaux 04 & 05 de cross,Les mees,PCA,4.0,,Dép,11.983333333333333,11.500973574408903
23,12'00'',LAVOINE LASSOUTANIE Marceau,S/l Embrun,BEM/12,2297.0,06/01/24,Cross,Championnats départementaux 04 & 05 de cross,Les mees,PCA,4.0,,Dép,12.0,11.485
24,12'19'',BRONDY Alyssa,S/l Athle Trail En Argentieroi,MIF/10,2297.0,06/01/24,Cross,Championnats départementaux 04 & 05 de cross,Les mees,PCA,4.0,,Dép,12.316666666666666,11.189715832205684
25,12'20'',ROZ Leila,S/l Athle Trail En Argentieroi,MIF/10,2297.0,06/01/24,Cross,Championnats départementaux 04 & 05 de cross,Les mees,PCA,4.0,,Dép,12.333333333333334,11.174594594594595
26,13'38'',ORS BOUGIS Diego,Ac Digne,BEM/12,2297.0,06/01/24,Cross,Championnats départementaux 04 & 05 de cross,Les mees,PCA,4.0,,Dép,13.633333333333333,10.109046454767727
27,14'03'',GOLTRANT Clara,S/l Ca Veynes,MIF/10,2297.0,06/01/24,Cross,Championnats départementaux 04 & 05 de cross,Les mees,PCA,4.0,,Dép,14.05,9.809252669039145
28,14'57'',HOCQUET Jade,Gap Hautes Alpes Athletisme*,MIF/10,2297.0,06/01/24,Cross,Championnats départementaux 04 & 05 de cross,Les mees,PCA,4.0,,Dép,14.95,9.218729096989968
1,24'55'',CLEMENT Nelie,Gap Hautes Alpes Athletisme*,ESF/03,6862.0,06/01/24,Cross,Championnats départementaux 04 & 05 de cross,Les mees,PCA,4.0,,Dép,24.916666666666668,16.523879598662205
2,25'53'',ANDRIEUX Anne-Claire,S/l Serre-chevalier Briancon A,M0F/87,6862.0,06/01/24,Cross,Championnats départementaux 04 & 05 de cross,Les mees,PCA,4.0,,Dép,25.883333333333333,15.906761107533805
3,26'07'',JAULIN Marie,Gap Hautes Alpes Athletisme*,SEF/91,6862.0,06/01/24,Cross,Championnats départementaux 04 & 05 de cross,Les mees,PCA,4.0,,Dép,26.116666666666667,15.764645820038291
4,26'19'',MIGIEU Emilie,S/l Serre-chevalier Briancon A,M1F/80,6862.0,06/01/24,Cross,Championnats départementaux 04 & 05 de cross,Les mees,PCA,4.0,,Dép,26.316666666666666,15.644838505383154
5,26'41'',PICAUD Virginie,S/l Trail Running Athletique C,M2F/78,6862.0,06/01/24,Cross,Championnats départementaux 04 & 05 de cross,Les mees,PCA,4.0,,Dép,26.683333333333334,15.429856339787632
6,27'25'',HUEBER Diane,Ac Digne,SEF/90,6862.0,06/01/24,Cross,Championnats départementaux 04 & 05 de cross,Les mees,PCA,4.0,,Dép,27.416666666666668,15.017142857142856
7,30'05'',BADALYAN Milena,S/l Ca Veynes,ESF/04,6862.0,06/01/24,Cross,Championnats départementaux 04 & 05 de cross,Les mees,PCA,4.0,,Dép,30.083333333333332,13.685983379501385
8,30'22'',BADALYAN Elena,S/l Ca Veynes,ESF/04,6862.0,06/01/24,Cross,Championnats départementaux 04 & 05 de cross,Les mees,PCA,4.0,,Dép,30.366666666666667,13.5582875960483
9,31'20'',OURDOUILLIE Emma,Athletisme Club Flines-lez-rac,SEF/01,6862.0,06/01/24,Cross,Championnats départementaux 04 & 05 de cross,Les mees,PCA,4.0,,Dép,31.333333333333332,13.139999999999999
10,37'11'',DAVID Agnes,Penitents En Durance*,M6F/58,6862.0,06/01/24,Cross,Championnats départementaux 04 & 05 de cross,Les mees,PCA,4.0,,Dép,37.18333333333333,11.07270282384581
1,30'40'',FINE Sebastien,S/l Serre-chevalier Briancon A,SEM/97,10043.0,06/01/24,Cross,Championnats départementaux 04 & 05 de cross,Les mees,PCA,4.0,,Dép,30.666666666666668,19.649347826086952
2,31'01'',BLANC Jerome,Gap Hautes Alpes Athletisme*,M1M/82,10043.0,06/01/24,Cross,Championnats départementaux 04 & 05 de cross,Les mees,PCA,4.0,,Dép,31.016666666666666,19.42761955937668
3,31'41'',BERTHOU Achille,S/l  Guil Trail Club,SEM/99,10043.0,06/01/24,Cross,Championnats départementaux 04 & 05 de cross,Les mees,PCA,4.0,,Dép,31.683333333333334,19.018832193582323
4,31'54'',DELARIS Julien,Penitents En Durance*,SEM/99,10043.0,06/01/24,Cross,Championnats départementaux 04 & 05 de cross,Les mees,PCA,4.0,,Dép,31.9,18.889655172413793
5,32'01'',ESMIOL Vincent,S/l Trail Running Athletique C,SEM/96,10043.0,06/01/24,Cross,Championnats départementaux 04 & 05 de cross,Les mees,PCA,4.0,,Dép,32.016666666666666,18.820822488287348
6,32'23'',BELLANGER Judicael,S/l Trail Running Athletique C,SEM/91,10043.0,06/01/24,Cross,Championnats départementaux 04 & 05 de cross,Les mees,PCA,4.0,,Dép,32.38333333333333,18.607720020586722
7,32'28'',GOUFFON Valentin,Penitents En Durance*,SEM/96,10043.0,06/01/24,Cross,Championnats départementaux 04 & 05 de cross,Les mees,PCA,4.0,,Dép,32.46666666666667,18.559958932238192
8,32'44'',BERTHOU Martin,Entente Des Mauges*,SEM/01,10043.0,06/01/24,Cross,Championnats départementaux 04 & 05 de cross,Les mees,PCA,4.0,,Dép,32.733333333333334,18.40875763747454
9,33'07'',BERGERET Matis,Ep Manosque Athletisme,SEM/98,10043.0,06/01/24,Cross,Championnats départementaux 04 & 05 de cross,Les mees,PCA,4.0,,Dép,33.11666666666667,18.195671867136383
10,33'15'',BOUDIN Rodolphe,Gap Hautes Alpes Athletisme*,ESM/04,10043.0,06/01/24,Cross,Championnats départementaux 04 & 05 de cross,Les mees,PCA,4.0,,Dép,33.25,18.12270676691729
11,33'23'',SCHIAVO Emilien,S/l Trail Running Athletique C,M0M/87,10043.0,06/01/24,Cross,Championnats départementaux 04 & 05 de cross,Les mees,PCA,4.0,,Dép,33.38333333333333,18.05032451323015
12,33'31'',PASCAL Valentin,Team Provence Endurance,SEM/90,10043.0,06/01/24,Cross,Championnats départementaux 04 & 05 de cross,Les mees,PCA,4.0,,Dép,33.516666666666666,17.978518150174043
13,33'43'',DJEDJIG Rafik,Penitents En Durance*,M1M/81,10043.0,06/01/24,Cross,Championnats départementaux 04 & 05 de cross,Les mees,PCA,4.0,,Dép,33.71666666666667,17.871873455264456
14,34'00'',CHANRON Valentin,Team Provence Endurance,ESM/03,10043.0,06/01/24,Cross,Championnats départementaux 04 & 05 de cross,Les mees,PCA,4.0,,Dép,34.0,17.722941176470588
15,34'13'',HUON Maxans,Penitents En Durance*,SEM/00,10043.0,06/01/24,Cross,Championnats départementaux 04 & 05 de cross,Les mees,PCA,4.0,,Dép,34.21666666666667,17.610716025328784
16,34'13'',GUEDON Gabin,S/l Embrun,SEM/96,10043.0,06/01/24,Cross,Championnats départementaux 04 & 05 de cross,Les mees,PCA,4.0,,Dép,34.21666666666667,17.610716025328784
17,34'52'',LASSALE Jerome,Team Provence Endurance,M2M/77,10043.0,06/01/24,Cross,Championnats départementaux 04 & 05 de cross,Les mees,PCA,4.0,,Dép,34.86666666666667,17.282409177820266
18,35'07'',RANCON Maxime,S/l Athle Trail En Argentieroi,M1M/82,10043.0,06/01/24,Cross,Championnats départementaux 04 & 05 de cross,Les mees,PCA,4.0,,Dép,35.11666666666667,17.1593735168486
19,35'16'',MICHEL Paul,Penitents En Durance*,M0M/89,10043.0,06/01/24,Cross,Championnats départementaux 04 & 05 de cross,Les mees,PCA,4.0,,Dép,35.266666666666666,17.08638941398866
20,35'42'',RIVORY Maxime,S/l Trail Running Athletique C,SEM/95,10043.0,06/01/24,Cross,Championnats départementaux 04 & 05 de cross,Les mees,PCA,4.0,,Dép,35.7,16.878991596638652
21,36'14'',CLEMENT Remi,S/l Trail Running Athletique C,M1M/83,10043.0,06/01/24,Cross,Championnats départementaux 04 & 05 de cross,Les mees,PCA,4.0,,Dép,36.233333333333334,16.630542778288866
21,36'14'',VAUDREVILLE Laurent,Sco Ste-marguerite Marseille*,M3M/72,10043.0,06/01/24,Cross,Championnats départementaux 04 & 05 de cross,Les mees,PCA,4.0,,Dép,36.233333333333334,16.630542778288866
HC,36'31'',CAIELLI Silvio,Non Licencie(e),M4M/69,10043.0,06/01/24,Cross,Championnats départementaux 04 & 05 de cross,Les mees,PCA,4.0,,Dép,36.516666666666666,16.50150616157006
HC,37'07'',ROUY Clement,Non Licencie(e),SEM/93,10043.0,06/01/24,Cross,Championnats départementaux 04 & 05 de cross,Les mees,PCA,4.0,,Dép,37.11666666666667,16.234755276156264
HC,37'11'',CHARLES Biran,Non Licencie(e),SEM/93,10043.0,06/01/24,Cross,Championnats départementaux 04 & 05 de cross,Les mees,PCA,4.0,,Dép,37.18333333333333,16.205647691618108
26,37'30'',DELMI-DEYIRMENDJIAN Nicolas,Team Provence Endurance,SEM/94,10043.0,06/01/24,Cross,Championnats départementaux 04 & 05 de cross,Les mees,PCA,4.0,,Dép,37.5,16.0688
27,37'30'',FRANCOIS Julien,S/l Embrun,SEM/95,10043.0,06/01/24,Cross,Championnats départementaux 04 & 05 de cross,Les mees,PCA,4.0,,Dép,37.5,16.0688
28,37'48'',THUNIN Nicolas,S/l Trail Running Athletique C,M0M/89,10043.0,06/01/24,Cross,Championnats départementaux 04 & 05 de cross,Les mees,PCA,4.0,,Dép,37.8,15.94126984126984
29,37'52'',HAAS Florent,Team Provence Endurance,SEM/92,10043.0,06/01/24,Cross,Championnats départementaux 04 & 05 de cross,Les mees,PCA,4.0,,Dép,37.86666666666667,15.913204225352112
30,37'58'',RAIROLLE Arthur,S/l Embrun,ESM/04,10043.0,06/01/24,Cross,Championnats départementaux 04 & 05 de cross,Les mees,PCA,4.0,,Dép,37.96666666666667,15.871290605794556
31,38'03'',GARNIER Serge,Coureurs Du Monde En Isere*,M4M/66,10043.0,06/01/24,Cross,Championnats départementaux 04 & 05 de cross,Les mees,PCA,4.0,,Dép,38.05,15.836530880420499
32,38'11'',JUSSIAUME Michael,Ac Digne,M3M/72,10043.0,06/01/24,Cross,Championnats départementaux 04 & 05 de cross,Les mees,PCA,4.0,,Dép,38.18333333333333,15.781230903535576
33,38'23'',MAUMUS Remy,Team Provence Endurance,M1M/80,10043.0,06/01/24,Cross,Championnats départementaux 04 & 05 de cross,Les mees,PCA,4.0,,Dép,38.38333333333333,15.69900130264872
34,39'24'',COIC Alain,Ep Manosque Athletisme,M2M/77,10043.0,06/01/24,Cross,Championnats départementaux 04 & 05 de cross,Les mees,PCA,4.0,,Dép,39.4,15.293908629441624
35,39'28'',MOTTE Cyrille,Ep Manosque Athletisme,M1M/80,10043.0,06/01/24,Cross,Championnats départementaux 04 & 05 de cross,Les mees,PCA,4.0,,Dép,39.46666666666667,15.268074324324322
36,40'01'',DOUVILLEZ Cedric,Team Provence Endurance,M2M/78,10043.0,06/01/24,Cross,Championnats départementaux 04 & 05 de cross,Les mees,PCA,4.0,,Dép,40.016666666666666,15.0582257392753
37,41'02'',GARDAN Nicolas,S/l Trail Running Athletique C,M2M/76,10043.0,06/01/24,Cross,Championnats départementaux 04 & 05 de cross,Les mees,PCA,4.0,,Dép,41.03333333333333,14.685134037367993
38,43'58'',AUBERT Jean-Michel,S/l Trail Running Athletique C,M5M/64,10043.0,06/01/24,Cross,Championnats départementaux 04 & 05 de cross,Les mees,PCA,4.0,,Dép,43.96666666666667,13.705382865807428
HC,47'53'',RAMARLAH Michel,Non Licencie(e),M5M/62,10043.0,06/01/24,Cross,Championnats départementaux 04 & 05 de cross,Les mees,PCA,4.0,,Dép,47.88333333333333,12.584336930038287
1,21'50'',PAROLA Robin,Gap Hautes Alpes Athletisme*,JUM/05,6862.0,06/01/24,Cross,Championnats départementaux 04 & 05 de cross,Les mees,PCA,4.0,,Dép,21.833333333333332,18.85740458015267
2,22'03'',GIMENEZ Thomas,S/l Embrun,JUM/06,6862.0,06/01/24,Cross,Championnats départementaux 04 & 05 de cross,Les mees,PCA,4.0,,Dép,22.05,18.672108843537416
3,22'49'',LONG Pierre,Gap Hautes Alpes Athletisme*,JUM/05,6862.0,06/01/24,Cross,Championnats départementaux 04 & 05 de cross,Les mees,PCA,4.0,,Dép,22.816666666666666,18.044704163623084
4,23'56'',CHAUVET Tom,Gap Hautes Alpes Athletisme*,JUM/05,6862.0,06/01/24,Cross,Championnats départementaux 04 & 05 de cross,Les mees,PCA,4.0,,Dép,23.933333333333334,17.202785515320333
5,25'31'',LE TONQUEZE Loris,Ep Manosque Athletisme,JUM/06,6862.0,06/01/24,Cross,Championnats départementaux 04 & 05 de cross,Les mees,PCA,4.0,,Dép,25.516666666666666,16.135336381450035
6,26'16'',LASNIER Jasmin,S/l Serre-chevalier Briancon A,JUM/06,6862.0,06/01/24,Cross,Championnats départementaux 04 & 05 de cross,Les mees,PCA,4.0,,Dép,26.266666666666666,15.674619289340102
